Trial,Episode_Return,Episode_Return_smooth,env_step
1,58,16.979999999999997,12500
1,31,17.34,12750
1,53,18.08,13000
1,34,18.5,13250
1,18,18.56,13500
1,21,18.72,13750
1,25,19.000000000000004,14000
1,18,19.06,14250
1,33,19.56,14500
1,31,19.98,14750
1,58,20.98,15000
1,18,21.16,15250
1,14,21.24,15500
1,16,21.36,15750
1,13,21.420000000000005,16000
1,22,21.66,16250
1,12,21.68,16500
1,14,21.8,16750
1,19,21.96,17000
1,67,23.12,17250
1,25,23.44,17500
1,68,24.58,17750
1,38,24.940000000000005,18000
1,14,25.02,18250
1,60,26.020000000000003,18500
1,86,27.48,18750
1,33,27.880000000000003,19000
1,73,29.06,19250
1,72,30.300000000000004,19500
1,38,30.84,19750
1,147,33.6,20000
1,64,34.620000000000005,20250
1,57,35.32,20500
1,58,36.06,20750
1,52,36.8,21000
1,59,37.68,21250
1,79,39.08,21500
1,83,40.4,21750
1,16,40.38,22000
1,32,40.72,22250
1,16,40.78,22500
1,26,40.940000000000005,22750
1,43,41.580000000000005,23000
1,39,42.12,23250
1,43,42.21999999999999,23500
1,75,43.10000000000001,23750
1,41,43.42000000000001,24000
1,49,43.68000000000001,24250
1,19,43.48,24500
1,62,42.84,24750
1,42,42.52,25000
1,34,42.58,25250
1,23,41.98,25500
1,48,42.25999999999999,25750
1,24,42.38,26000
1,37,42.7,26250
1,42,43.04,26500
1,25,43.17999999999999,26750
1,35,43.22,27000
1,77,44.14,27250
1,76,44.50000000000001,27500
1,37,44.88,27750
1,50,45.6,28000
1,56,46.4,28250
1,40,46.940000000000005,28500
1,35,47.2,28750
1,27,47.5,29000
1,57,48.36,29250
1,59,49.16,29500
1,43,48.68,29750
1,48,49.13999999999999,30000
1,46,48.7,30250
1,45,48.84,30500
1,57,49.70000000000001,30750
1,85,50.2,31000
1,83,50.13999999999999,31250
1,38,50.24,31500
1,41,49.6,31750
1,33,48.81999999999999,32000
1,41,48.88,32250
1,47,46.88,32500
1,87,47.34,32750
1,65,47.5,33000
1,67,47.68,33250
1,48,47.6,33500
1,53,47.48,33750
1,105,48,34000
1,63,47.6,34250
1,87,49.02,34500
1,85,50.08,34750
1,138,52.52,35000
1,48,52.96,35250
1,111,54.31999999999999,35500
1,88,55.3,35750
1,89,56.22,36000
1,53,55.78,36250
1,88,56.72,36500
1,238,60.5,36750
1,94,61.99999999999999,37000
1,162,64,37250
1,102,65.2,37500
1,113,66.78,37750
1,222,70.75999999999999,38000
1,120,72.2,38250
1,150,74.72000000000001,38500
1,84,75.66000000000001,38750
1,84,76.5,39000
1,104,78.08,39250
1,96,79.3,39500
1,112,80,39750
1,187,82.22,40000
1,120,83.88,40250
1,133,85.54,40500
1,189,88.2,40750
1,207,91.54,41000
1,162,94.08,41250
1,104,95.62,41500
1,172,97.92,41750
1,295,102.64,42000
1,216,106.1,42250
1,351,112.16,42500
1,130,113.84,42750
1,152,115.98,43000
1,147,117.78000000000002,43250
1,234,120.76,43500
1,392,126.94,43750
1,500,136.18,44000
1,500,145.36,44250
1,500,154.70000000000002,44500
1,500,163.87999999999997,44750
1,253,168,45000
1,500,176.25999999999996,45250
1,500,184.96,45500
1,500,193.62,45750
1,286,198.38,46000
1,256,202.44,46250
1,179,203.92,46500
1,216,206.98,46750
1,363,212.5,47000
1,500,220.8,47250
1,488,227.8,47500
1,500,236.84000000000003,47750
1,500,244.62,48000
1,500,252.86,48250
1,500,261.08,48500
1,309,266.2,48750
1,413,272.7,49000
1,170,271.34,49250
1,180,273.06,49500
1,373,277.28000000000003,49750
1,220,279.64,50000
1,265,282.68,50250
1,218,282.6,50500
1,309,286.38,50750
1,186,287.1,51000
1,211,289.64,51250
1,266,293.28000000000003,51500
1,214,295.48,51750
1,369,300.94,52000
1,393,306.56,52250
1,299,308.79999999999995,52500
1,296,312.32,52750
1,209,313.84000000000003,53000
1,155,313.16,53250
1,212,313.26,53500
1,154,313.1,53750
1,233,315.67999999999995,54000
1,209,316.42,54250
1,268,315.88,54500
1,228,316.11999999999995,54750
1,186,312.82,55000
1,254,315.29999999999995,55250
1,149,315.24,55500
1,116,314.62,55750
1,118,312.3,56000
1,119,306.84,56250
1,106,298.96,56500
1,122,291.4,56750
1,150,284.4,57000
1,230,279,57250
1,267,279.28000000000003,57500
1,223,273.74000000000007,57750
1,238,268.5,58000
1,261,263.72,58250
1,171,261.42,58500
1,141,259.12,58750
1,183,259.20000000000005,59000
1,171,258.29999999999995,59250
1,171,254.45999999999995,59500
1,309,250.64,59750
1,249,245.86,60000
1,264,241.14,60250
1,478,240.7,60500
1,162,233.94,60750
1,311,230.16,61000
1,140,226.78,61250
1,149,221.50000000000003,61500
1,129,220.68,61750
1,165,220.38,62000
1,178,216.48,62250
1,236,216.8,62500
1,418,219.86,62750
1,329,222.08000000000004,63000
1,387,223.64,63250
1,436,228.64,63500
1,328,230.98,63750
1,194,229.54,64000
1,190,229.06,64250
1,125,224.18,64500
1,126,218.84,64750
1,178,216.42,65000
1,193,214.36,65250
1,206,214.3,65500
1,382,218.84,65750
1,485,224.3,66000
1,359,228.4,66250
1,500,233.74,66500
1,224,234.04,66750
1,206,232.8,67000
1,176,231.76,67250
1,198,232,67500
1,367,234.26,67750
1,224,235.76,68000
1,236,238.16,68250
1,239,240.58,68500
1,208,242.36,68750
1,234,244.92,69000
1,265,247.78,69250
1,231,249.4,69500
1,316,251.12,69750
1,500,255.78,70000
1,185,255.02,70250
1,202,254.3,70500
1,305,255.18,70750
1,301,257.78000000000003,71000
1,199,258.94,71250
1,359,262.46,71500
1,217,263.38,71750
1,239,264.73999999999995,72000
1,260,263.76,72250
1,186,262.5,72500
1,212,261.46000000000004,72750
1,216,256.22,73000
1,267,258.32,73250
1,184,255.78,73500
1,249,257.96,73750
1,205,259.08,74000
1,284,262.18,74250
1,340,265.68,74500
1,168,265.48,74750
1,241,265.58,75000
1,236,261.94,75250
1,300,261.36,75500
1,230,258.22,75750
1,387,257.24,76000
1,322,257.12,76250
1,378,260.8,76500
1,257,262.14,76750
1,300,265.64,77000
1,169,266.49999999999994,77250
1,205,267.04,77500
1,140,265.98,77750
1,155,264.96,78000
1,188,261.08,78250
1,164,254.66,78500
1,180,251.08,78750
1,191,244.9,79000
1,223,244.88,79250
1,262,246,79500
1,150,245.48,79750
1,271,246.94000000000003,80000
1,181,243.22,80250
1,171,242.16,80500
1,124,239.92,80750
1,167,238.48,81000
1,270,239.72,81250
1,278,240.6,81500
1,241,240.12,81750
1,194,239.38,82000
1,133,235.72,82250
1,180,229.32,82500
1,194,229.5,82750
1,153,228.52,83000
1,164,225.7,83250
1,179,223.26,83500
1,84,220.96,83750
1,90,215.58,84000
1,139,214.02,84250
1,93,211.1,84500
1,132,208.54,84750
1,472,214.26,85000
1,156,213.14,85250
1,238,213.58,85500
1,87,209.98,85750
1,100,208.3,86000
1,287,209.06000000000003,86250
1,53,206.02,86500
1,57,201.48,86750
1,83,196.34,87000
1,131,195.6,87250
1,111,193,87500
1,47,189.22,87750
1,95,185.12,88000
1,218,184.88,88250
1,173,180.6,88500
1,407,182.3,88750
1,408,182.9,89000
1,344,184.64,89250
1,254,183.72,89500
1,279,185.92,89750
1,43,182.68,90000
1,173,183.34,90250
1,259,185.42,90500
1,218,186.02,90750
1,248,187.7,91000
1,191,187.92,91250
1,212,188.34,91500
1,220,188.28000000000003,91750
1,243,187.9,92000
1,254,189.98,92250
1,279,190.14000000000004,92500
1,312,192.76,92750
1,87,191.08,93000
1,491,198.42,93250
1,310,201.28,93500
1,230,200.48,93750
1,90,196.72,94000
1,262,197.14,94250
1,245,198.16,94500
1,300,201.5,94750
1,184,201.58,95000
1,202,201.74,95250
1,132,201.32,95500
1,126,200.56,95750
1,178,200.54,96000
1,146,201.78,96250
1,135,202.68,96500
1,158,203.06000000000003,96750
1,158,204.36,97000
1,148,204.68,97250
1,134,197.92,97500
1,17,195.14,97750
1,166,193.7,98000
1,19,192.34,98250
1,138,193.1,98500
1,122,189.8,98750
1,13,189.00000000000003,99000
1,115,190.16000000000005,99250
1,25,189,99500
1,19,186.76,99750
1,47,185.48,100000
1,155,187.64,100250
1,25,186.24,100500
1,262,187.12,100750
1,353,190.72,101000
1,500,192.58,101250
1,409,192.6,101500
1,134,188.4,101750
1,500,193.32,102000
1,500,197.74,102250
1,500,206.88,102500
1,500,213.42,102750
1,500,218.24,103000
1,267,219.22,103250
1,109,216.44000000000003,103500
1,429,221.2,103750
1,348,223.92,104000
1,281,225.14,104250
1,236,225,104500
1,251,224.94,104750
1,187,223.1,105000
1,157,220,105250
1,175,221.76,105500
1,171,215.36,105750
1,156,212.28000000000003,106000
1,38,208.44000000000003,106250
1,216,210.96,106500
1,272,211.16,106750
1,240,211.06000000000003,107000
1,244,209.94,107250
1,294,212.14,107500
1,223,212.56,107750
1,236,214.64,108000
1,227,216.66,108250
1,169,216.48,108500
1,190,217.36,108750
1,226,219.18,109000
1,292,221.86,109250
1,354,225.78000000000003,109500
1,395,230.72,109750
1,402,236.08,110000
1,394,243.62,110250
1,478,249.86,110500
1,500,259.48,110750
1,500,266.72,111000
1,500,274.28,111250
1,500,284.02,111500
1,307,287.86,111750
1,248,292.32000000000005,112000
1,237,296.68,112250
1,191,299.56,112500
1,242,301.3,112750
1,204,304.88,113000
1,193,303.5,113250
1,175,299.94,113500
1,245,294.84,113750
1,207,290.8,114000
1,313,294.38000000000005,114250
1,362,291.62000000000006,114500
1,500,291.62000000000006,114750
1,500,291.62000000000006,115000
1,500,291.62000000000006,115250
1,500,291.62000000000006,115500
1,500,296.28,115750
1,500,304.1,116000
1,393,303.38,116250
1,342,303.26000000000005,116500
1,247,302.58000000000004,116750
1,201,301.88000000000005,117000
1,226,301.38,117250
1,224,302.12,117500
1,34,299.66,117750
1,206,300.28,118000
1,214,301.14000000000004,118250
1,221,302.44,118500
1,176,305.2,118750
1,202,304.92,119000
1,212,303.72,119250
1,216,303.23999999999995,119500
1,257,303.5,119750
1,231,302.23999999999995,120000
1,291,303.6,120250
1,255,303.98,120500
1,193,303.29999999999995,120750
1,205,304.02000000000004,121000
1,272,305.66,121250
1,223,305.6,121500
1,214,304.04,121750
1,217,301.3,122000
1,205,297.5,122250
1,32,290.1,122500
1,161,285.44000000000005,122750
1,162,279.12000000000006,123000
1,161,272.34000000000003,123250
1,164,265.62,123500
1,191,259.44,123750
1,153,252.5,124000
1,172,249.8,124250
1,154,247.92,124500
1,234,247.86,124750
1,43,244.9,125000
1,189,243.84,125250
1,166,243.08,125500
1,213,243.48,125750
1,203,244.04,126000
1,192,242.98,126250
1,181,242.46,126500
1,146,239.12,126750
1,29,232.46,127000
1,161,225.68,127250
1,188,219.44,127500
1,121,211.86,127750
1,147,204.8,128000
1,29,195.38,128250
1,25,185.88,128500
1,30,178.62000000000003,128750
1,39,172.56,129000
1,113,169.88,129250
1,17,166.2,129500
1,123,164.14,129750
1,117,162,130000
1,116,163.64,130250
1,44,160.39999999999998,130500
1,43,156.98,130750
1,102,154.60000000000002,131000
1,209,155.26000000000002,131250
1,271,156.64,131500
1,267,157.73999999999998,131750
1,74,154.9,132000
1,265,155.06,132250
1,270,155.84,132500
1,290,155.82,132750
1,276,156.23999999999998,133000
1,264,157.66,133250
1,174,157.04000000000002,133500
1,183,155.26000000000002,133750
1,38,151.56,134000
1,119,149.66000000000005,134250
1,40,146.12,134500
1,152,145.06,134750
1,151,147.44,135000
1,150,147.22000000000003,135250
1,163,147.24,135500
1,21,144.44,135750
1,148,144.12,136000
1,168,143.66,136250
1,30,141.2,136500
1,155,140.86,136750
1,148,140.74,137000
1,214,140.34000000000003,137250
1,178,143.04,137500
1,247,144.2,137750
1,249,145.86,138000
1,213,145.86,138250
1,252,146.84,138500
1,343,149.86,138750
1,492,156.07999999999998,139000
1,396,161.08,139250
1,500,170.5,139500
1,330,173.88,139750
1,336,176.84,140000
1,265,179.72,140250
1,420,185.18,140500
1,273,190.06,140750
1,368,196.92,141000
1,319,202.7,141250
1,189,205.7,141500
1,179,207.02,141750
1,185,210.38,142000
1,36,208.64,142250
1,26,206.82,142500
1,22,204.94,142750
1,39,204.84000000000003,143000
1,19,204.36,143250
1,23,202.78,143500
1,45,199.5,143750
1,24,194.56,144000
1,221,193.64,144250
1,111,194.38,144500
1,170,192.48,144750
1,228,191.64,145000
1,259,191.02,145250
1,421,193.92,145500
1,249,193.62,145750
1,478,199.7,146000
1,317,202.38,146250
1,347,208.56,146500
1,185,209.88,146750
1,212,213.32,147000
1,234,214.96,147250
1,247,216.88,147500
1,206,218,147750
1,291,220.56,148000
1,150,223.14,148250
1,260,225.38,148500
1,409,230.2,148750
1,261,234.82,149000
1,183,235.38,149250
1,160,235.62,149500
1,155,234.44000000000003,149750
1,157,234.02,150000
1,157,232.22,150250
1,138,230,150500
1,159,228.92,150750
1,159,227.06,151000
1,168,223.56,151250
1,132,216.36,151500
1,160,211.64,151750
1,186,205.36,152000
1,178,202.32,152250
1,185,199.3,152500
1,212,198.24000000000004,152750
1,211,194.06,153000
1,295,194.5,153250
1,279,192.72000000000003,153500
1,257,191.48,153750
1,281,193.32,154000
1,219,194.12,154250
1,229,195,154500
1,198,198.24,154750
1,234,202.4,155000
1,203,206.02,155250
1,209,209.42,155500
1,198,213,155750
1,229,217.12,156000
1,220,220.62,156250
1,229,224.72,156500
1,282,225.94,156750
1,277,229.26,157000
1,334,232.54,157250
1,320,234.38,157500
1,339,235.98,157750
1,457,236.7,158000
1,384,239.4,158250
1,366,237.16,158500
1,333,237.48,158750
1,315,236.84000000000003,159000
1,279,238.72,159250
1,299,240.46000000000004,159500
1,232,240.42,159750
1,268,240.84000000000003,160000
1,220,241.12,160250
1,201,239.32,160500
1,277,241.86,160750
1,206,240.78000000000003,161000
1,206,236.72000000000003,161250
1,183,235.16,161500
1,173,234.96000000000004,161750
1,208,235.92,162000
1,182,236.46,162250
1,183,236.98,162500
1,235,238.54,162750
1,186,239.5,163000
1,172,239.76,163250
1,225,241.08,163500
1,195,241.62000000000003,163750
1,232,243.62,164000
1,197,244.36,164250
1,209,244.82,164500
1,190,245.06,164750
1,178,244.92,165000
1,201,244.7,165250
1,206,244.6,165500
1,177,242.24,165750
1,198,240.62,166000
1,175,238.98,166250
1,158,236.52,166500
1,169,235.52,166750
1,208,235.1,167000
1,183,234.8,167250
1,161,233.34,167500
1,191,233.1,167750
1,235,233.62,168000
1,183,233.32,168250
1,220,233.14,168500
1,203,232.8,168750
1,237,232.96,169000
1,190,231.12000000000003,169250
1,210,229.78,169500
1,219,227.48,169750
1,217,225.42,170000
1,196,222.56,170250
1,192,217.26,170500
1,228,214.14,170750
1,54,207.9,171000
1,264,206.52,171250
1,223,204.68,171500
1,231,203.72,171750
1,222,202.18,172000
1,178,201.1,172250
1,192,199.58,172500
1,213,199.44,172750
1,187,199.16,173000
1,180,197.22,173250
1,41,193.92,173500
1,169,193.18,173750
1,191,193.34,174000
1,193,193.74,174250
1,228,194.14,174500
1,169,193.88,174750
1,191,194.04,175000
1,163,192.6,175250
1,236,193.6,175500
1,229,194.74,175750
1,214,194.52,176000
1,236,195.34,176250
1,256,195.82,176500
1,280,197.48,176750
1,236,198.02,177000
1,319,200.6,177250
1,299,203.02,177500
1,229,203.58,177750
1,220,203.86,178000
1,220,204.72000000000003,178250
1,201,204.78,178500
1,232,205.92,178750
1,216,207.08,179000
1,193,207.56,179250
1,226,207.92,179500
1,238,209.02,179750
1,241,210.62,180000
1,203,210.86,180250
1,234,210.84000000000003,180500
1,261,212.40000000000003,180750
1,260,213.2,181000
1,243,214.00000000000003,181250
1,270,214.66000000000005,181500
1,259,216.04,181750
1,334,218.52,182000
1,263,219.4,182250
1,276,220.58,182500
1,363,223.92000000000004,182750
1,277,225.62,183000
1,296,226.98,183250
1,288,231.66,183500
1,266,231.7,183750
1,257,232.38,184000
1,273,233.22000000000003,184250
1,259,233.96,184500
1,307,236.54,184750
1,206,236.82,185000
1,213,236.82,185250
1,252,238.12,185500
1,218,238.88,185750
1,242,242.9,186000
1,220,243.92,186250
1,236,244.82,186500
1,216,245.28000000000003,186750
1,200,244.72000000000003,187000
1,234,246.02,187250
1,213,246.46,187500
1,200,247.2,187750
1,194,246.36,188000
1,223,246.24,188250
1,257,247.1,188500
1,221,246.8,188750
1,236,246.4,189000
1,283,246.46,189250
1,272,247.18,189500
1,263,246.06,189750
1,201,244.1,190000
1,215,243.82,190250
1,216,243.74,190500
1,198,243.3,190750
1,196,243.2,191000
1,161,241.78,191250
1,160,240.66,191500
1,184,240.48,191750
1,188,239.72,192000
1,142,237.8,192250
1,189,236.76,192500
1,157,235.84,192750
1,174,234.64,193000
1,164,232.7,193250
1,192,231.34,193500
1,193,230.34,193750
1,178,228.5,194000
1,247,228.26,194250
1,215,225.88,194500
1,230,225.22000000000003,194750
1,205,223.80000000000004,195000
1,223,221,195250
1,256,220.58,195500
1,251,219.68,195750
1,273,219.38,196000
1,289,219.84,196250
1,266,220.02,196500
1,289,220.34,196750
1,253,220.22000000000003,197000
1,280,219.68,197250
1,427,224.1,197500
1,292,225.68,197750
1,300,226.64,198000
1,289,228.06,198250
1,237,227.96,198500
1,246,228.48,198750
1,236,228.48,199000
1,206,228.28,199250
1,225,228.78,199500
1,218,228.46,199750
1,38,224.96,200000
1,192,224.8,200250
1,216,225.24,200500
1,166,224.1,200750
1,187,222.7,201000
1,195,222.18,201250
1,252,222.5,201500
1,214,221.12,201750
1,224,220.16000000000005,202000
1,277,220.44,202250
1,311,222.64,202500
1,23,218.8,202750
1,500,224.48,203000
1,474,230,203250
1,500,236.08,203500
1,472,242.3,203750
1,339,245.88,204000
1,291,248.02,204250
1,259,249.44000000000003,204500
1,235,251.29999999999995,204750
1,233,252.18,205000
1,193,252.9,205250
1,230,254.02,205500
1,176,254.26000000000005,205750
1,175,253.92,206000
1,30,250.66000000000005,206250
1,47,248.04,206500
1,147,246.04,206750
1,176,245.26,207000
1,196,244.58,207250
1,207,244.62,207500
1,200,244.16000000000005,207750
1,323,245.5,208000
1,427,249.02,208250
1,442,252.39999999999995,208500
1,500,256.62,208750
1,500,261.29999999999995,209000
1,409,263.7,209250
1,493,268.49999999999994,209500
1,369,270.28000000000003,209750
1,333,268.4,210000
1,286,268.28000000000003,210250
1,424,270.76,210500
1,280,270.58,210750
1,325,272.34000000000003,211000
1,351,274.44,211250
1,438,278.48,211500
1,313,280.62000000000006,211750
1,318,282.48,212000
1,500,288.12,212250
1,500,297.36,212500
1,431,302.14,212750
1,367,305.16,213000
1,379,309.42,213250
1,396,313.6,213500
1,500,319.70000000000005,213750
1,297,320.6,214000
1,500,326.32,214250
1,392,329.67999999999995,214500
1,300,330.14000000000004,214750
1,353,330.98,215000
1,201,334.54,215250
1,280,330.14,215500
1,226,325.1799999999999,215750
1,191,319,216000
1,152,312.6,216250
1,225,310.32,216500
1,161,307.72,216750
1,197,306.48,217000
1,500,311.78000000000003,217250
1,421,315.54,217500
1,265,316.98,217750
1,311,318.6,218000
1,238,319.84,218250
1,370,323.74,218500
1,321,329.55999999999995,218750
1,242,333.46,219000
1,402,338.56,219250
1,336,341.76,219500
1,386,345.56,219750
1,323,347.88,220000
1,500,353.88,220250
1,500,357.42,220500
1,500,358.88,220750
1,417,358.38000000000005,221000
1,403,356.44,221250
1,305,352.54,221500
1,500,354.36,221750
1,323,350.9599999999999,222000
1,349,350.56,222250
1,350,350.90000000000003,222500
1,388,352.94,222750
1,322,350.90000000000003,223000
1,500,355.3,223250
1,356,355.92,223500
1,488,358.66,223750
1,335,356.6,224000
1,276,355.86,224250
1,215,353.8,224500
1,256,348.92,224750
1,236,343.64000000000004,225000
1,248,339.98,225250
1,268,337.99999999999994,225500
1,245,335.32000000000005,225750
1,250,332.40000000000003,226000
1,278,327.96,226250
1,251,327.04,226500
1,214,321.32,226750
1,201,317.50000000000006,227000
1,191,315.32,227250
1,177,311.8,227500
1,133,310.44,227750
1,138,307.6,228000
1,137,305.82,228250
1,149,304.98,228500
1,128,304.5,228750
1,134,302.68,229000
1,142,302.3,229250
1,136,301.08000000000004,229500
1,135,293.78,229750
1,167,288.7,230000
1,179,286.98,230250
1,199,284.74,230500
1,210,284.18,230750
1,200,280.78000000000003,231000
1,191,278.18,231250
1,186,277.05999999999995,231500
1,184,272.7,231750
1,196,269.90000000000003,232000
1,191,266,232250
1,201,263.55999999999995,232500
1,178,257.12,232750
1,210,251.32,233000
1,243,246.18,233250
1,250,242.84,233500
1,248,239.74,233750
1,197,237.58,234000
1,232,232.22,234250
1,205,229.86,234500
1,234,227.56,234750
1,223,225.02000000000004,235000
1,189,221.04,235250
1,253,219.66000000000005,235500
1,219,214.04,235750
1,233,211.58,236000
1,271,207.24,236250
1,385,208.24,236500
1,339,209.5,236750
1,362,212.44,237000
1,500,217.32,237250
1,349,219.58,237500
1,423,223.08,237750
1,500,227.72,238000
1,258,227.98,238250
1,265,228.28,238500
1,328,229.28,238750
1,183,227.92,239000
1,202,227.68,239250
1,147,226.6,239500
1,142,225.62,239750
1,150,225.08000000000004,240000
1,149,225.4,240250
1,179,226.22,240500
1,180,227.08,240750
1,242,228.94000000000003,241000
1,284,232.06,241250
1,245,234.28000000000003,241500
1,327,237.98,241750
1,441,244.08,242000
1,257,246.52,242250
1,343,250.04000000000005,242500
1,171,249.88,242750
1,253,250.96,243000
1,174,250.24,243250
1,145,249.14,243500
1,135,248.02,243750
1,22,244.74,244000
1,56,242.18,244250
1,134,240.94000000000003,244500
1,123,239.58,244750
1,161,238.78,245000
1,151,238.24,245250
1,175,237.54,245500
1,217,237.02,245750
1,235,236.72000000000003,246000
1,213,236.02,246250
1,285,237.78,246500
1,210,237.34000000000003,246750
1,182,236.88,247000
1,254,237.28000000000003,247250
1,208,236.98,247500
1,204,237.28,247750
1,171,235.64,248000
1,266,236.58,248250
1,280,237.52,248500
1,277,237.64,248750
1,372,237.38,249000
1,348,237.56,249250
1,357,237.46000000000004,249500
1,363,234.72,249750
1,417,236.08,250000
1,500,237.62,250250
1,459,236.8,250500
1,500,241.64,250750
1,399,244.32,251000
1,500,247.76000000000005,251250
1,443,252.96,251500
1,500,258.92,251750
1,313,262.24,252000
1,267,264.73999999999995,252250
1,273,267.2,252500
1,331,270.84,252750
1,385,274.96,253000
1,317,277.7,253250
1,254,277.94,253500
1,228,276.82,253750
1,92,273.76,254000
1,235,271.92,254250
1,235,267.8,254500
1,216,266.98,254750
1,245,265.02000000000004,255000
1,224,266.08,255250
1,245,265.92,255500
1,212,266.67999999999995,255750
1,292,269.61999999999995,256000
1,313,273.18,256250
1,266,278.06,256500
1,246,281.86,256750
1,284,284.86,257000
1,295,288.3,257250
1,317,291.42,257500
1,318,294.76000000000005,257750
1,317,297.6,258000
1,255,298.36,258250
1,256,298.78,258500
1,244,299.4,258750
1,210,297.90000000000003,259000
1,266,299.02,259250
1,247,300.32,259500
1,284,300.92,259750
1,258,301.92,260000
1,263,303.1,260250
1,226,304.2,260500
1,202,302.92,260750
1,214,301.6,261000
1,198,300.02,261250
1,193,296.44000000000005,261500
1,23,289.94,261750
1,173,286.26,262000
1,15,279.3,262250
1,128,273.52,262500
1,177,267.06,262750
1,23,258.34000000000003,263000
1,177,251.88,263250
1,17,244.24000000000004,263500
1,27,234.78,263750
1,171,229.34,264000
1,18,219.7,264250
1,187,217.18000000000004,264500
1,20,212.24,264750
1,198,210.74,265000
1,22,204.56,265250
1,25,197.36,265500
1,179,194.6,265750
1,16,189.84,266000
1,24,185.76,266250
1,13,184.18000000000004,266500
1,21,179.89999999999998,266750
1,14,175.47999999999996,267000
1,14,171.44,267250
1,19,166.92000000000002,267500
1,18,162.79999999999998,267750
1,16,158.22,268000
1,14,154.26000000000002,268250
1,27,148.95999999999998,268500
1,15,143.00000000000003,268750
1,128,140.24,269000
1,19,135.70000000000002,269250
1,13,130.28,269500
1,24,124.86,269750
1,13,118.78,270000
1,17,112.76,270250
1,22,106.86,270500
1,20,102.15999999999998,270750
1,18,97.4,271000
1,14,92.8,271250
1,126,91.12,271500
1,16,86.12,271750
1,25,81.68000000000002,272000
1,14,76.28000000000002,272250
1,13,71.38000000000001,272500
1,10,66.32,272750
1,11,62.02,273000
1,11,58.2,273250
1,13,54.18,273500
1,12,50.46000000000001,273750
1,12,46.84,274000
1,14,46.66,274250
1,15,43.50000000000001,274500
1,17,43.540000000000006,274750
1,15,41.28,275000
1,16,38.06,275250
1,17,37.940000000000005,275500
1,16,34.72,275750
1,13,34.64,276000
1,14,34.38000000000001,276250
1,10,31.160000000000007,276500
1,11,31.020000000000007,276750
1,13,27.540000000000006,277000
1,12,27.38000000000001,277250
1,24,23.90000000000001,277500
1,14,23.74000000000001,277750
1,18,23.600000000000005,278000
1,16,20.340000000000007,278250
1,14,20.300000000000004,278500
1,17,20.160000000000004,278750
1,18,20.260000000000005,279000
1,14,20.120000000000005,279250
1,15,20.14,279500
1,14,20.14,279750
1,12,20.000000000000004,280000
1,10,19.840000000000003,280250
1,9,19.700000000000006,280500
1,10,19.620000000000005,280750
1,8,19.24,281000
1,9,19.120000000000005,281250
1,10,16.760000000000005,281500
1,10,16.580000000000005,281750
1,9,16.500000000000004,282000
1,12,16.26000000000001,282250
1,11,16.220000000000006,282500
1,11,16.100000000000005,282750
1,15,15.960000000000006,283000
1,10,15.760000000000003,283250
1,10,15.600000000000003,283500
1,10,15.520000000000003,283750
1,8,13.160000000000004,284000
1,9,13.020000000000003,284250
1,11,12.740000000000006,284500
1,10,12.660000000000004,284750
1,11,12.620000000000005,285000
1,10,12.620000000000005,285250
1,9,12.580000000000004,285500
1,9,12.540000000000004,285750
1,10,12.480000000000006,286000
1,10,12.440000000000005,286250
1,10,12.400000000000004,286500
1,8,12.280000000000005,286750
1,9,12.160000000000004,287000
1,11,12.040000000000004,287250
1,11,11.960000000000004,287500
1,10,11.840000000000003,287750
1,9,11.680000000000003,288000
1,10,11.560000000000004,288250
1,11,11.520000000000008,288500
1,10,11.440000000000005,288750
1,11,11.460000000000004,289000
1,21,11.660000000000004,289250
1,9,11.580000000000004,289500
1,15,11.640000000000004,289750
1,13,11.420000000000003,290000
1,15,11.440000000000005,290250
1,11,11.300000000000006,290500
1,32,11.620000000000005,290750
1,53,12.400000000000004,291000
1,21,12.480000000000006,291250
1,48,13.080000000000004,291500
1,39,13.580000000000004,291750
1,30,13.880000000000004,292000
1,91,15.420000000000003,292250
1,71,16.600000000000005,292500
1,108,18.56000000000001,292750
1,29,18.960000000000004,293000
1,89,20.540000000000003,293250
1,15,20.680000000000003,293500
1,148,23.46,293750
1,279,28.840000000000003,294000
1,262,33.88000000000001,294250
1,277,39.24,294500
1,326,45.52,294750
1,310,51.50000000000001,295000
1,353,58.34,295250
1,329,64.62,295500
1,289,70.2,295750
1,211,74.22000000000001,296000
1,217,78.36,296250
1,160,81.4,296500
1,17,81.56,296750
1,19,81.72,297000
1,16,81.84,297250
1,11,81.84,297500
1,9,81.82000000000001,297750
1,8,81.80000000000001,298000
1,8,81.78,298250
1,9,81.76,298500
1,9,81.74000000000001,298750
1,10,81.74,299000
1,9,81.76,299250
1,10,81.78,299500
1,9,81.74000000000001,299750
1,10,81.72,300000
1,10,81.72,300250
1,8,81.69999999999999,300500
1,10,81.69999999999999,300750
1,10,81.68000000000002,301000
1,9,81.66000000000001,301250
1,9,81.62000000000002,301500
1,10,81.4,301750
1,10,81.41999999999999,302000
1,8,81.28,302250
1,9,81.2,302500
1,10,81.1,302750
1,10,81.08,303000
1,9,80.62,303250
1,8,79.72,303500
1,9,79.48,303750
1,8,78.68,304000
1,9,78.08,304250
1,10,77.68,304500
1,10,76.06,304750
1,9,74.82000000000001,305000
1,9,72.84,305250
1,11,72.48,305500
1,10,70.9,305750
1,10,70.8,306000
1,9,68.02000000000001,306250
1,9,62.62000000000001,306500
1,9,57.56,306750
1,10,52.220000000000006,307000
1,10,45.9,307250
1,9,39.88,307500
1,10,33.02000000000001,307750
1,10,26.640000000000008,308000
1,9,21.040000000000006,308250
1,10,17.020000000000003,308500
1,9,12.860000000000005,308750
1,10,9.860000000000005,309000
1,10,9.720000000000004,309250
1,10,9.540000000000004,309500
1,9,9.400000000000004,309750
1,9,9.360000000000005,310000
1,9,9.360000000000005,310250
1,10,9.400000000000006,310500
1,10,9.440000000000005,310750
1,10,9.460000000000004,311000
1,10,9.480000000000004,311250
1,9,9.460000000000004,311500
1,8,9.440000000000005,311750
1,8,9.400000000000006,312000
1,10,9.420000000000003,312250
1,10,9.420000000000003,312500
1,9,9.400000000000004,312750
1,9,9.420000000000003,313000
1,9,9.400000000000004,313250
1,9,9.380000000000004,313500
1,10,9.400000000000006,313750
1,10,9.420000000000003,314000
1,9,9.400000000000004,314250
1,10,9.400000000000004,314500
1,10,9.440000000000005,314750
1,10,9.460000000000004,315000
1,10,9.460000000000004,315250
1,9,9.440000000000005,315500
1,9,9.440000000000005,315750
1,9,9.460000000000004,316000
1,9,9.460000000000004,316250
1,8,9.460000000000004,316500
1,10,9.480000000000006,316750
1,9,9.460000000000004,317000
1,10,9.460000000000004,317250
1,8,9.440000000000005,317500
1,9,9.440000000000005,317750
1,8,9.380000000000004,318000
1,12,9.420000000000003,318250
1,10,9.420000000000003,318500
1,8,9.400000000000006,318750
1,10,9.420000000000003,319000
1,9,9.420000000000003,319250
1,8,9.380000000000004,319500
1,10,9.380000000000004,319750
1,10,9.400000000000006,320000
1,10,9.400000000000006,320250
1,11,9.420000000000003,320500
1,8,9.400000000000004,320750
1,9,9.380000000000004,321000
1,8,9.360000000000005,321250
1,9,9.340000000000003,321500
1,9,9.320000000000006,321750
1,10,9.320000000000006,322000
1,10,9.340000000000003,322250
1,10,9.360000000000005,322500
1,10,9.380000000000004,322750
1,9,9.360000000000005,323000
1,10,9.360000000000005,323250
1,9,9.340000000000003,323500
1,10,9.340000000000003,323750
1,11,9.380000000000004,324000
1,8,9.380000000000004,324250
1,9,9.400000000000004,324500
1,10,9.400000000000004,324750
1,10,9.400000000000006,325000
1,10,9.420000000000003,325250
1,10,9.440000000000005,325500
1,10,9.460000000000004,325750
1,10,9.480000000000004,326000
1,9,9.460000000000004,326250
1,8,9.420000000000003,326500
1,9,9.420000000000003,326750
1,9,9.400000000000004,327000
1,10,9.400000000000004,327250
1,9,9.380000000000004,327500
1,9,9.360000000000005,327750
1,9,9.360000000000005,328000
1,10,9.380000000000004,328250
1,8,9.360000000000005,328500
1,10,9.380000000000004,328750
1,9,9.400000000000004,329000
1,8,9.360000000000005,329250
1,10,9.380000000000004,329500
1,9,9.360000000000005,329750
1,11,9.420000000000003,330000
1,12,9.480000000000004,330250
1,9,9.500000000000004,330500
1,11,9.480000000000004,330750
1,17,9.620000000000005,331000
1,8,9.620000000000005,331250
1,12,9.660000000000004,331500
1,10,9.680000000000003,331750
1,26,10.040000000000004,332000
1,10,10.040000000000004,332250
1,18,10.200000000000005,332500
1,47,10.940000000000005,332750
1,77,12.260000000000003,333000
1,169,15.480000000000004,333250
1,222,19.74000000000001,333500
1,115,21.88,333750
1,18,22.06,334000
1,13,22.140000000000004,334250
1,16,22.260000000000005,334500
1,99,24.040000000000003,334750
1,18,24.200000000000003,335000
1,115,26.300000000000004,335250
1,105,28.22000000000001,335500
1,103,30.080000000000005,335750
1,12,30.140000000000008,336000
1,13,30.200000000000003,336250
1,13,30.24,336500
1,21,30.500000000000004,336750
1,102,32.36000000000001,337000
1,22,32.6,337250
1,111,34.620000000000005,337500
1,12,34.660000000000004,337750
1,21,34.88,338000
1,19,35.06000000000001,338250
1,98,36.82000000000001,338500
1,26,37.16,338750
1,109,39.18000000000001,339000
1,113,41.260000000000005,339250
1,113,43.34,339500
1,112,45.38,339750
1,116,47.52000000000001,340000
1,127,49.88000000000001,340250
1,133,52.36000000000001,340500
1,134,54.84,340750
1,138,57.440000000000005,341000
1,151,60.260000000000005,341250
1,158,63.24,341500
1,160,66.28,341750
1,196,70,342000
1,177,73.36000000000001,342250
1,197,77.08,342500
1,181,80.46000000000002,342750
1,249,85.26,343000
1,203,89.10000000000001,343250
1,222,93.2,343500
1,203,97.1,343750
1,276,102.38,344000
1,231,106.8,344250
1,254,111.36,344500
1,334,117.84,344750
1,253,122.54,345000
1,275,127.10000000000002,345250
1,226,130.08,345500
1,221,131.12,345750
1,270,132.08,346000
1,309,135.96,346250
1,292,141.44,346500
1,187,144.92000000000002,346750
1,238,149.36,347000
1,165,150.68,347250
1,185,154.02,347500
1,158,154.88,347750
1,150,155.78,348000
1,156,156.83999999999995,348250
1,154,159.67999999999998,348500
1,160,162.62,348750
1,182,166,349000
1,160,168.78,349250
1,182,170.38000000000002,349500
1,173,173.40000000000003,349750
1,184,174.86,350000
1,179,178.2,350250
1,197,181.72,350500
1,178,184.9,350750
1,193,186.8,351000
1,205,190.38,351250
1,196,192.12,351500
1,211,194.08,351750
1,209,196,352000
1,204,197.84,352250
1,197,199.46,352500
1,200,200.92,352750
1,217,202.6,353000
1,222,204.36000000000004,353250
1,214,205.88,353500
1,215,207.16,353750
1,222,208.44000000000003,354000
1,269,210.62,354250
1,440,215.5,354500
1,362,219.2,354750
1,500,225.26,355000
1,500,231.64,355250
1,500,236.66,355500
1,500,242.6,355750
1,500,248.16000000000005,356000
1,500,254.1,356250
1,500,258.58000000000004,356500
1,500,263.96000000000004,356750
1,500,268.88,357000
1,500,272.2,357250
1,500,277.14,357500
1,500,281.64,357750
1,500,287.12,358000
1,500,292.7,358250
1,500,297.3,358500
1,500,301.12,358750
1,500,305.28,359000
1,500,311.54,359250
1,500,316.78000000000003,359500
1,500,323.48,359750
1,500,329.78000000000003,360000
1,500,336.61999999999995,360250
1,500,343.62000000000006,360500
1,500,350.5,360750
1,500,357.42,361000
1,500,364.22,361250
1,500,370.58,361500
1,500,377.38,361750
1,500,383.74,362000
1,500,390.28,362250
1,500,396.6000000000001,362500
1,500,403.02,362750
1,500,409.08,363000
1,500,415.52,363250
1,500,421.66,363500
1,500,427.56,363750
1,500,433.64,364000
1,500,439.42,364250
1,500,445.24,364500
1,500,451.16,364750
1,500,457.22,365000
1,500,463.22,365250
1,500,468.88,365500
1,500,474.44000000000005,365750
1,500,480.16,366000
1,500,485.86,366250
1,500,491.42,366500
1,500,496.04,366750
1,500,497.24,367000
1,500,500,367250
1,500,500,367500
1,500,500,367750
1,500,500,368000
1,500,500,368250
1,500,500,368500
1,500,500,368750
1,500,500,369000
1,500,500,369250
1,500,500,369500
1,500,500,369750
1,500,500,370000
1,500,500,370250
1,500,500,370500
1,500,500,370750
1,500,500,371000
1,500,500,371250
1,500,500,371500
1,500,500,371750
1,500,500,372000
1,500,500,372250
1,500,500,372500
1,500,500,372750
1,500,500,373000
1,500,500,373250
1,500,500,373500
1,500,500,373750
1,500,500,374000
1,500,500,374250
1,500,500,374500
1,500,500,374750
1,500,500,375000
1,500,500,375250
1,500,500,375500
1,500,500,375750
1,500,500,376000
1,500,500,376250
1,500,500,376500
1,500,500,376750
1,500,500,377000
1,500,500,377250
1,500,500,377500
1,500,500,377750
1,500,500,378000
1,500,500,378250
1,500,500,378500
1,500,500,378750
1,500,500,379000
1,500,500,379250
1,500,500,379500
1,500,500,379750
1,500,500,380000
1,500,500,380250
1,500,500,380500
1,500,500,380750
1,500,500,381000
1,500,500,381250
1,500,500,381500
1,500,500,381750
1,500,500,382000
1,500,500,382250
1,500,500,382500
1,500,500,382750
1,500,500,383000
1,500,500,383250
1,500,500,383500
1,500,500,383750
1,500,500,384000
1,500,500,384250
1,500,500,384500
1,500,500,384750
1,500,500,385000
1,500,500,385250
1,500,500,385500
1,500,500,385750
1,500,500,386000
1,500,500,386250
1,500,500,386500
1,500,500,386750
1,500,500,387000
1,500,500,387250
1,500,500,387500
1,500,500,387750
1,500,500,388000
1,500,500,388250
1,500,500,388500
1,500,500,388750
1,500,500,389000
1,500,500,389250
1,500,500,389500
1,500,500,389750
1,500,500,390000
1,500,500,390250
1,500,500,390500
1,500,500,390750
1,500,500,391000
1,500,500,391250
1,500,500,391500
1,500,500,391750
1,500,500,392000
1,500,500,392250
1,500,500,392500
1,500,500,392750
1,500,500,393000
1,500,500,393250
1,500,500,393500
1,500,500,393750
1,500,500,394000
1,500,500,394250
1,500,500,394500
1,500,500,394750
1,500,500,395000
1,500,500,395250
1,500,500,395500
1,500,500,395750
1,500,500,396000
1,500,500,396250
1,500,500,396500
1,500,500,396750
1,500,500,397000
1,500,500,397250
1,500,500,397500
1,500,500,397750
1,500,500,398000
1,500,500,398250
1,500,500,398500
1,500,500,398750
1,500,500,399000
1,500,500,399250
1,500,500,399500
1,500,500,399750
1,500,500,400000
1,500,500,400250
1,500,500,400500
1,500,500,400750
1,500,500,401000
1,500,500,401250
1,500,500,401500
1,500,500,401750
1,500,500,402000
1,500,500,402250
1,500,500,402500
1,500,500,402750
1,500,500,403000
1,500,500,403250
1,500,500,403500
1,500,500,403750
1,500,500,404000
1,500,500,404250
1,500,500,404500
1,500,500,404750
1,500,500,405000
1,500,500,405250
1,500,500,405500
1,500,500,405750
1,500,500,406000
1,500,500,406250
1,500,500,406500
1,500,500,406750
1,500,500,407000
1,500,500,407250
1,500,500,407500
1,500,500,407750
1,500,500,408000
1,500,500,408250
1,500,500,408500
1,500,500,408750
1,500,500,409000
1,500,500,409250
1,500,500,409500
1,500,500,409750
1,500,500,410000
1,500,500,410250
1,500,500,410500
1,500,500,410750
1,500,500,411000
1,500,500,411250
1,500,500,411500
1,500,500,411750
1,500,500,412000
1,500,500,412250
1,500,500,412500
1,500,500,412750
1,500,500,413000
1,500,500,413250
1,500,500,413500
1,500,500,413750
1,500,500,414000
1,500,500,414250
1,500,500,414500
1,500,500,414750
1,500,500,415000
1,500,500,415250
1,500,500,415500
1,500,500,415750
1,500,500,416000
1,500,500,416250
1,500,500,416500
1,500,500,416750
1,500,500,417000
1,500,500,417250
1,500,500,417500
1,500,500,417750
1,500,500,418000
1,500,500,418250
1,500,500,418500
1,500,500,418750
1,500,500,419000
1,500,500,419250
1,500,500,419500
1,500,500,419750
1,500,500,420000
1,500,500,420250
1,500,500,420500
1,500,500,420750
1,500,500,421000
1,500,500,421250
1,500,500,421500
1,500,500,421750
1,500,500,422000
1,500,500,422250
1,500,500,422500
1,500,500,422750
1,500,500,423000
1,500,500,423250
1,500,500,423500
1,500,500,423750
1,500,500,424000
1,500,500,424250
1,500,500,424500
1,500,500,424750
1,500,500,425000
1,500,500,425250
1,500,500,425500
1,500,500,425750
1,500,500,426000
1,500,500,426250
1,500,500,426500
1,500,500,426750
1,500,500,427000
1,500,500,427250
1,500,500,427500
1,500,500,427750
1,500,500,428000
1,500,500,428250
1,500,500,428500
1,500,500,428750
1,500,500,429000
1,500,500,429250
1,500,500,429500
1,500,500,429750
1,500,500,430000
1,500,500,430250
1,500,500,430500
1,500,500,430750
1,500,500,431000
1,500,500,431250
1,500,500,431500
1,500,500,431750
1,500,500,432000
1,500,500,432250
1,500,500,432500
1,500,500,432750
1,500,500,433000
1,500,500,433250
1,500,500,433500
1,500,500,433750
1,500,500,434000
1,500,500,434250
1,500,500,434500
1,500,500,434750
1,500,500,435000
1,500,500,435250
1,500,500,435500
1,500,500,435750
1,500,500,436000
1,500,500,436250
1,500,500,436500
1,500,500,436750
1,500,500,437000
1,500,500,437250
1,500,500,437500
1,500,500,437750
1,500,500,438000
1,500,500,438250
1,500,500,438500
1,500,500,438750
1,500,500,439000
1,500,500,439250
1,500,500,439500
1,500,500,439750
1,500,500,440000
1,500,500,440250
1,500,500,440500
1,500,500,440750
1,500,500,441000
1,500,500,441250
1,500,500,441500
1,500,500,441750
1,500,500,442000
1,500,500,442250
1,500,500,442500
1,500,500,442750
1,500,500,443000
1,500,500,443250
1,500,500,443500
1,500,500,443750
1,500,500,444000
1,500,500,444250
1,500,500,444500
1,500,500,444750
1,500,500,445000
1,500,500,445250
1,500,500,445500
1,500,500,445750
1,500,500,446000
1,500,500,446250
1,500,500,446500
1,500,500,446750
1,500,500,447000
1,500,500,447250
1,500,500,447500
1,500,500,447750
1,500,500,448000
1,500,500,448250
1,500,500,448500
1,500,500,448750
1,500,500,449000
1,500,500,449250
1,500,500,449500
1,500,500,449750
1,500,500,450000
1,500,500,450250
1,500,500,450500
1,500,500,450750
1,500,500,451000
1,500,500,451250
1,340,496.8,451500
1,500,496.8,451750
1,500,496.8,452000
1,500,496.8,452250
1,500,496.8,452500
1,500,496.8,452750
1,500,496.8,453000
1,500,496.8,453250
1,500,496.8,453500
1,500,496.8,453750
1,500,496.8,454000
1,500,496.8,454250
1,500,496.8,454500
1,500,496.8,454750
1,500,496.8,455000
1,500,496.8,455250
1,500,496.8,455500
1,488,496.56,455750
1,500,496.56,456000
1,500,496.56,456250
1,459,495.74,456500
1,500,495.74,456750
1,500,495.74,457000
1,500,495.74,457250
1,500,495.74,457500
1,500,495.74,457750
1,500,495.74,458000
1,500,495.74,458250
1,500,495.74,458500
1,500,495.74,458750
1,500,495.74,459000
1,500,495.74,459250
1,500,495.74,459500
1,500,495.74,459750
1,500,495.74,460000
1,500,495.74,460250
1,500,495.74,460500
1,500,495.74,460750
1,500,495.74,461000
1,500,495.74,461250
1,500,495.74,461500
1,500,495.74,461750
1,500,495.74,462000
1,500,495.74,462250
1,500,495.74,462500
1,500,495.74,462750
1,500,495.74,463000
1,500,495.74,463250
1,500,495.74,463500
1,500,495.74,463750
1,500,498.94,464000
1,500,498.94,464250
1,500,498.94,464500
1,500,498.94,464750
1,500,498.94,465000
1,500,498.94,465250
1,500,498.94,465500
1,500,498.94,465750
1,500,498.94,466000
1,500,498.94,466250
1,500,498.94,466500
1,500,498.94,466750
1,500,498.94,467000
1,500,498.94,467250
1,500,498.94,467500
1,500,498.94,467750
1,500,498.94,468000
1,500,499.18,468250
1,500,499.18,468500
1,500,499.18,468750
1,500,500,469000
1,500,500,469250
1,500,500,469500
1,500,500,469750
1,500,500,470000
1,500,500,470250
1,500,500,470500
1,500,500,470750
1,500,500,471000
1,500,500,471250
1,500,500,471500
1,500,500,471750
1,500,500,472000
1,500,500,472250
1,500,500,472500
1,500,500,472750
1,500,500,473000
1,500,500,473250
1,500,500,473500
1,500,500,473750
1,500,500,474000
1,500,500,474250
1,500,500,474500
1,500,500,474750
1,500,500,475000
1,500,500,475250
1,500,500,475500
1,500,500,475750
1,500,500,476000
1,500,500,476250
1,500,500,476500
1,500,500,476750
1,500,500,477000
1,500,500,477250
1,500,500,477500
1,500,500,477750
1,500,500,478000
1,500,500,478250
1,500,500,478500
1,500,500,478750
1,500,500,479000
1,500,500,479250
1,500,500,479500
1,500,500,479750
1,500,500,480000
1,500,500,480250
1,500,500,480500
1,500,500,480750
1,500,500,481000
1,500,500,481250
1,500,500,481500
1,500,500,481750
1,500,500,482000
1,500,500,482250
1,500,500,482500
1,500,500,482750
1,500,500,483000
1,500,500,483250
1,500,500,483500
1,500,500,483750
1,500,500,484000
1,500,500,484250
1,500,500,484500
1,500,500,484750
1,500,500,485000
1,500,500,485250
1,500,500,485500
1,500,500,485750
1,500,500,486000
1,500,500,486250
1,500,500,486500
1,500,500,486750
1,500,500,487000
1,500,500,487250
1,500,500,487500
1,392,497.84,487750
1,459,497.0200000000001,488000
1,315,493.32,488250
1,278,488.88000000000005,488500
1,293,484.74000000000007,488750
1,286,480.46,489000
1,259,475.64,489250
1,258,470.8,489500
1,315,467.1,489750
1,301,463.12,490000
1,267,458.46,490250
1,377,456,490500
1,436,454.72,490750
1,500,454.72,491000
1,500,454.72,491250
1,500,454.72,491500
1,500,454.72,491750
1,500,454.72,492000
1,500,454.72,492250
1,500,454.72,492500
1,500,454.72,492750
1,500,454.72,493000
1,500,454.72,493250
1,500,454.72,493500
1,500,454.72,493750
1,500,454.72,494000
1,500,454.72,494250
1,500,454.72,494500
1,500,454.72,494750
1,500,454.72,495000
1,500,454.72,495250
1,500,454.72,495500
1,500,454.72,495750
1,500,454.72,496000
1,500,454.72,496250
1,500,454.72,496500
1,500,454.72,496750
1,500,454.72,497000
1,500,454.72,497250
1,500,454.72,497500
1,500,454.72,497750
1,500,454.72,498000
1,500,454.72,498250
1,500,454.72,498500
1,500,454.72,498750
1,500,454.72,499000
1,500,454.72,499250
1,500,454.72,499500
1,500,454.72,499750
1,500,454.72,500000
1,500,456.88,500250
1,500,457.7000000000001,500500
1,500,461.4,500750
1,500,465.84,501000
1,500,469.98,501250
1,500,474.26,501500
1,500,479.08,501750
1,500,483.92,502000
1,500,487.62,502250
1,500,491.6,502500
1,500,496.26,502750
1,500,498.72,503000
1,500,500,503250
1,500,500,503500
1,500,500,503750
1,500,500,504000
1,500,500,504250
1,500,500,504500
1,500,500,504750
1,500,500,505000
1,500,500,505250
1,500,500,505500
1,500,500,505750
1,500,500,506000
1,500,500,506250
1,500,500,506500
1,500,500,506750
1,500,500,507000
1,500,500,507250
1,500,500,507500
1,500,500,507750
1,500,500,508000
1,500,500,508250
1,500,500,508500
1,500,500,508750
1,500,500,509000
1,500,500,509250
1,500,500,509500
1,500,500,509750
1,500,500,510000
1,500,500,510250
1,500,500,510500
1,500,500,510750
1,500,500,511000
1,500,500,511250
1,500,500,511500
1,500,500,511750
1,500,500,512000
1,500,500,512250
1,500,500,512500
1,500,500,512750
1,500,500,513000
1,500,500,513250
1,500,500,513500
1,500,500,513750
1,500,500,514000
1,500,500,514250
1,500,500,514500
1,500,500,514750
1,500,500,515000
1,500,500,515250
1,500,500,515500
1,500,500,515750
1,500,500,516000
1,500,500,516250
1,500,500,516500
1,500,500,516750
1,500,500,517000
1,500,500,517250
1,500,500,517500
1,500,500,517750
1,500,500,518000
1,500,500,518250
1,500,500,518500
1,500,500,518750
1,500,500,519000
1,500,500,519250
1,500,500,519500
1,500,500,519750
1,500,500,520000
1,500,500,520250
1,500,500,520500
1,500,500,520750
1,500,500,521000
1,500,500,521250
1,500,500,521500
1,500,500,521750
1,500,500,522000
1,500,500,522250
1,500,500,522500
1,500,500,522750
1,500,500,523000
1,500,500,523250
1,500,500,523500
1,500,500,523750
1,500,500,524000
1,500,500,524250
1,500,500,524500
1,500,500,524750
1,500,500,525000
1,500,500,525250
1,500,500,525500
1,500,500,525750
1,500,500,526000
1,500,500,526250
1,500,500,526500
1,500,500,526750
1,500,500,527000
1,500,500,527250
1,500,500,527500
1,500,500,527750
1,500,500,528000
1,500,500,528250
1,500,500,528500
1,500,500,528750
1,500,500,529000
1,500,500,529250
1,500,500,529500
1,500,500,529750
1,500,500,530000
1,500,500,530250
1,500,500,530500
1,500,500,530750
1,500,500,531000
1,500,500,531250
1,500,500,531500
1,500,500,531750
1,500,500,532000
1,500,500,532250
1,500,500,532500
1,500,500,532750
1,500,500,533000
1,500,500,533250
1,500,500,533500
1,500,500,533750
1,500,500,534000
1,500,500,534250
1,500,500,534500
1,500,500,534750
1,500,500,535000
1,500,500,535250
1,500,500,535500
1,500,500,535750
1,500,500,536000
1,500,500,536250
1,500,500,536500
1,500,500,536750
1,500,500,537000
1,500,500,537250
1,500,500,537500
1,500,500,537750
1,500,500,538000
1,500,500,538250
1,500,500,538500
1,500,500,538750
1,500,500,539000
1,500,500,539250
1,500,500,539500
1,500,500,539750
1,500,500,540000
1,500,500,540250
1,500,500,540500
1,500,500,540750
1,500,500,541000
1,500,500,541250
1,500,500,541500
1,500,500,541750
1,500,500,542000
1,500,500,542250
1,500,500,542500
1,500,500,542750
1,500,500,543000
1,500,500,543250
1,500,500,543500
1,500,500,543750
1,500,500,544000
1,500,500,544250
1,500,500,544500
1,500,500,544750
1,500,500,545000
1,500,500,545250
1,500,500,545500
1,500,500,545750
1,500,500,546000
1,500,500,546250
1,500,500,546500
1,500,500,546750
1,500,500,547000
1,500,500,547250
1,500,500,547500
1,500,500,547750
1,500,500,548000
1,500,500,548250
1,500,500,548500
1,500,500,548750
1,500,500,549000
1,500,500,549250
1,500,500,549500
1,500,500,549750
1,500,500,550000
1,500,500,550250
1,500,500,550500
1,500,500,550750
1,500,500,551000
1,500,500,551250
1,500,500,551500
1,500,500,551750
1,500,500,552000
1,500,500,552250
1,500,500,552500
1,500,500,552750
1,500,500,553000
1,443,498.86,553250
1,500,498.86,553500
1,500,498.86,553750
1,500,498.86,554000
1,500,498.86,554250
1,500,498.86,554500
1,500,498.86,554750
1,500,498.86,555000
1,500,498.86,555250
1,500,498.86,555500
1,500,498.86,555750
1,500,498.86,556000
1,500,498.86,556250
1,500,498.86,556500
1,500,498.86,556750
1,500,498.86,557000
1,500,498.86,557250
1,500,498.86,557500
1,500,498.86,557750
1,500,498.86,558000
1,500,498.86,558250
1,500,498.86,558500
1,500,498.86,558750
1,500,498.86,559000
1,500,498.86,559250
1,500,498.86,559500
1,500,498.86,559750
1,500,498.86,560000
1,500,498.86,560250
1,500,498.86,560500
1,500,498.86,560750
1,500,498.86,561000
1,500,498.86,561250
1,500,498.86,561500
1,500,498.86,561750
1,500,498.86,562000
1,500,498.86,562250
1,500,498.86,562500
1,500,498.86,562750
1,500,498.86,563000
1,500,498.86,563250
1,500,498.86,563500
1,500,498.86,563750
1,500,498.86,564000
1,500,498.86,564250
1,500,498.86,564500
1,500,498.86,564750
1,500,498.86,565000
1,500,498.86,565250
1,500,498.86,565500
1,500,500,565750
1,500,500,566000
1,500,500,566250
1,500,500,566500
1,500,500,566750
1,500,500,567000
1,500,500,567250
1,500,500,567500
1,500,500,567750
1,500,500,568000
1,500,500,568250
1,500,500,568500
1,500,500,568750
1,500,500,569000
1,500,500,569250
1,482,499.64,569500
1,468,499,569750
1,500,499,570000
1,495,498.9,570250
1,480,498.5,570500
1,486,498.2199999999999,570750
1,383,495.88,571000
1,500,495.88,571250
1,394,493.76,571500
1,500,493.76,571750
1,500,493.76,572000
1,500,493.76,572250
1,500,493.76,572500
1,500,493.76,572750
1,500,493.76,573000
1,500,493.76,573250
1,500,493.76,573500
1,500,493.76,573750
1,500,493.76,574000
1,500,493.76,574250
1,500,493.76,574500
1,458,492.92,574750
1,493,492.78,575000
1,364,490.06,575250
1,500,490.06,575500
1,500,490.06,575750
1,500,490.06,576000
1,500,490.06,576250
1,500,490.06,576500
1,500,490.06,576750
1,500,490.06,577000
1,500,490.06,577250
1,500,490.06,577500
1,500,490.06,577750
1,500,490.06,578000
1,500,490.06,578250
1,500,490.06,578500
1,500,490.06,578750
1,500,490.06,579000
1,500,490.06,579250
1,500,490.06,579500
1,500,490.06,579750
1,500,490.06,580000
1,500,490.06,580250
1,500,490.06,580500
1,500,490.06,580750
1,500,490.06,581000
1,500,490.06,581250
1,500,490.06,581500
1,500,490.06,581750
1,500,490.42,582000
1,500,491.06,582250
1,500,491.06,582500
1,500,491.16,582750
1,500,491.56000000000006,583000
1,500,491.84,583250
1,500,494.18000000000006,583500
1,500,494.18000000000006,583750
1,500,496.3,584000
1,500,496.3,584250
1,500,496.3,584500
1,500,496.3,584750
1,500,496.3,585000
1,500,496.3,585250
1,500,496.3,585500
1,500,496.3,585750
1,500,496.3,586000
1,500,496.3,586250
1,500,496.3,586500
1,500,496.3,586750
1,500,496.3,587000
1,500,497.1400000000001,587250
1,500,497.28,587500
1,500,500,587750
1,500,500,588000
1,500,500,588250
1,500,500,588500
1,500,500,588750
1,500,500,589000
1,500,500,589250
1,500,500,589500
1,500,500,589750
1,500,500,590000
1,500,500,590250
1,500,500,590500
1,500,500,590750
1,500,500,591000
1,500,500,591250
1,500,500,591500
1,500,500,591750
1,500,500,592000
1,500,500,592250
1,500,500,592500
1,500,500,592750
1,500,500,593000
1,500,500,593250
1,500,500,593500
1,500,500,593750
1,500,500,594000
1,500,500,594250
1,500,500,594500
1,500,500,594750
1,500,500,595000
1,500,500,595250
1,500,500,595500
1,500,500,595750
1,500,500,596000
1,500,500,596250
1,500,500,596500
1,500,500,596750
1,500,500,597000
1,500,500,597250
1,500,500,597500
1,500,500,597750
1,500,500,598000
1,500,500,598250
1,500,500,598500
1,500,500,598750
1,500,500,599000
1,500,500,599250
1,500,500,599500
1,500,500,599750
1,500,500,600000
1,500,500,600250
1,500,500,600500
1,500,500,600750
1,500,500,601000
1,500,500,601250
1,500,500,601500
1,500,500,601750
1,500,500,602000
1,500,500,602250
1,500,500,602500
1,500,500,602750
1,500,500,603000
1,500,500,603250
1,500,500,603500
1,500,500,603750
1,500,500,604000
1,500,500,604250
1,500,500,604500
1,500,500,604750
1,500,500,605000
1,500,500,605250
1,500,500,605500
1,500,500,605750
1,500,500,606000
1,500,500,606250
1,500,500,606500
1,500,500,606750
1,500,500,607000
1,500,500,607250
1,500,500,607500
1,500,500,607750
1,500,500,608000
1,500,500,608250
1,500,500,608500
1,500,500,608750
1,500,500,609000
1,500,500,609250
1,500,500,609500
1,500,500,609750
1,500,500,610000
1,500,500,610250
1,500,500,610500
1,500,500,610750
1,500,500,611000
1,500,500,611250
1,500,500,611500
1,500,500,611750
1,500,500,612000
1,500,500,612250
1,500,500,612500
1,500,500,612750
1,500,500,613000
1,500,500,613250
1,500,500,613500
1,500,500,613750
1,500,500,614000
1,500,500,614250
1,500,500,614500
1,500,500,614750
1,500,500,615000
1,500,500,615250
1,500,500,615500
1,500,500,615750
1,500,500,616000
1,500,500,616250
1,500,500,616500
1,500,500,616750
1,249,494.98,617000
1,500,494.98,617250
1,500,494.98,617500
1,500,494.98,617750
1,500,494.98,618000
1,500,494.98,618250
1,500,494.98,618500
1,500,494.98,618750
1,500,494.98,619000
1,500,494.98,619250
1,500,494.98,619500
1,500,494.98,619750
1,500,494.98,620000
1,500,494.98,620250
1,500,494.98,620500
1,500,494.98,620750
1,500,494.98,621000
1,500,494.98,621250
1,500,494.98,621500
1,500,494.98,621750
1,500,494.98,622000
1,500,494.98,622250
1,500,494.98,622500
1,500,494.98,622750
1,500,494.98,623000
1,500,494.98,623250
1,500,494.98,623500
1,131,487.6,623750
1,500,487.6,624000
1,500,487.6,624250
1,500,487.6,624500
1,500,487.6,624750
1,500,487.6,625000
1,500,487.6,625250
1,500,487.6,625500
1,500,487.6,625750
1,500,487.6,626000
1,500,487.6,626250
1,293,483.4599999999999,626500
1,368,480.8200000000001,626750
1,500,480.8200000000001,627000
1,500,480.8200000000001,627250
1,79,472.3999999999999,627500
1,500,472.3999999999999,627750
1,500,472.3999999999999,628000
1,500,472.3999999999999,628250
1,500,472.3999999999999,628500
1,500,472.3999999999999,628750
1,500,472.3999999999999,629000
1,500,472.3999999999999,629250
1,500,477.42,629500
1,500,477.42,629750
1,500,477.42,630000
1,500,477.42,630250
1,500,477.42,630500
1,500,477.42,630750
1,500,477.42,631000
1,500,477.42,631250
1,500,477.42,631500
1,500,477.42,631750
1,500,477.42,632000
1,500,477.42,632250
1,500,477.42,632500
1,500,477.42,632750
1,500,477.42,633000
1,500,477.42,633250
1,500,477.42,633500
1,500,477.42,633750
1,406,475.54,634000
1,228,470.1,634250
1,239,464.88,634500
1,219,459.26,634750
1,225,453.76,635000
1,233,448.42,635250
1,216,442.74,635500
1,258,437.9,635750
1,368,435.26,636000
1,500,442.64,636250
1,500,442.64,636500
1,500,442.64,636750
1,500,442.64,637000
1,500,442.64,637250
1,500,442.64,637500
1,500,442.64,637750
1,500,442.64,638000
1,500,442.64,638250
1,500,442.64,638500
1,500,442.64,638750
1,500,446.78,639000
1,500,449.4200000000001,639250
1,500,449.4200000000001,639500
1,500,449.4200000000001,639750
1,500,457.8400000000001,640000
1,500,457.8400000000001,640250
1,500,457.8400000000001,640500
1,500,457.8400000000001,640750
1,500,457.8400000000001,641000
1,500,457.8400000000001,641250
1,500,457.8400000000001,641500
1,500,457.8400000000001,641750
1,500,457.8400000000001,642000
1,500,457.8400000000001,642250
1,500,457.8400000000001,642500
1,500,457.8400000000001,642750
1,500,457.8400000000001,643000
1,500,457.8400000000001,643250
1,500,457.8400000000001,643500
1,500,457.8400000000001,643750
1,500,457.8400000000001,644000
1,500,457.8400000000001,644250
1,500,457.8400000000001,644500
1,500,457.8400000000001,644750
1,500,457.8400000000001,645000
1,500,457.8400000000001,645250
1,500,457.8400000000001,645500
1,500,457.8400000000001,645750
1,500,457.8400000000001,646000
1,500,457.8400000000001,646250
1,500,459.72,646500
1,500,465.1600000000001,646750
1,500,470.38,647000
1,500,476,647250
1,500,481.50000000000006,647500
1,500,486.84,647750
1,500,492.52,648000
1,500,497.36,648250
1,500,500,648500
1,500,500,648750
1,500,500,649000
1,500,500,649250
1,500,500,649500
1,500,500,649750
1,500,500,650000
1,500,500,650250
1,500,500,650500
1,500,500,650750
1,500,500,651000
1,500,500,651250
1,500,500,651500
1,500,500,651750
1,500,500,652000
1,500,500,652250
1,500,500,652500
1,500,500,652750
1,500,500,653000
1,178,493.56,653250
1,500,493.56,653500
1,500,493.56,653750
1,500,493.56,654000
1,500,493.56,654250
1,500,493.56,654500
1,500,493.56,654750
1,500,493.56,655000
1,500,493.56,655250
1,500,493.56,655500
1,500,493.56,655750
1,500,493.56,656000
1,500,493.56,656250
1,500,493.56,656500
1,500,493.56,656750
1,500,493.56,657000
1,500,493.56,657250
1,500,493.56,657500
1,500,493.56,657750
1,500,493.56,658000
1,500,493.56,658250
1,500,493.56,658500
1,500,493.56,658750
1,500,493.56,659000
1,500,493.56,659250
1,500,493.56,659500
1,500,493.56,659750
1,500,493.56,660000
1,500,493.56,660250
1,500,493.56,660500
1,500,493.56,660750
1,500,493.56,661000
1,500,493.56,661250
1,500,493.56,661500
1,500,493.56,661750
1,500,493.56,662000
1,500,493.56,662250
1,500,493.56,662500
1,500,493.56,662750
1,500,493.56,663000
1,500,493.56,663250
1,500,493.56,663500
1,500,493.56,663750
1,500,493.56,664000
1,500,493.56,664250
1,500,493.56,664500
1,500,493.56,664750
1,500,493.56,665000
1,500,493.56,665250
1,500,493.56,665500
1,500,500,665750
1,500,500,666000
1,500,500,666250
1,500,500,666500
1,500,500,666750
1,500,500,667000
1,500,500,667250
1,500,500,667500
1,500,500,667750
1,500,500,668000
1,500,500,668250
1,500,500,668500
1,500,500,668750
1,500,500,669000
1,500,500,669250
1,500,500,669500
1,500,500,669750
1,500,500,670000
1,500,500,670250
1,500,500,670500
1,500,500,670750
1,500,500,671000
1,500,500,671250
1,500,500,671500
1,500,500,671750
1,500,500,672000
1,500,500,672250
1,500,500,672500
1,500,500,672750
1,500,500,673000
1,500,500,673250
1,500,500,673500
1,500,500,673750
1,500,500,674000
1,500,500,674250
1,500,500,674500
1,500,500,674750
1,500,500,675000
1,500,500,675250
1,500,500,675500
1,500,500,675750
1,500,500,676000
1,500,500,676250
1,500,500,676500
1,500,500,676750
1,500,500,677000
1,500,500,677250
1,500,500,677500
1,500,500,677750
1,500,500,678000
1,500,500,678250
1,500,500,678500
1,500,500,678750
1,500,500,679000
1,500,500,679250
1,500,500,679500
1,500,500,679750
1,500,500,680000
1,500,500,680250
1,500,500,680500
1,500,500,680750
1,500,500,681000
1,500,500,681250
1,500,500,681500
1,500,500,681750
1,500,500,682000
1,500,500,682250
1,500,500,682500
1,500,500,682750
1,500,500,683000
1,500,500,683250
1,500,500,683500
1,500,500,683750
1,500,500,684000
1,500,500,684250
1,500,500,684500
1,500,500,684750
1,500,500,685000
1,500,500,685250
1,500,500,685500
1,500,500,685750
1,500,500,686000
1,500,500,686250
1,500,500,686500
1,500,500,686750
1,500,500,687000
1,500,500,687250
1,500,500,687500
1,500,500,687750
1,500,500,688000
1,500,500,688250
1,500,500,688500
1,500,500,688750
1,500,500,689000
1,500,500,689250
1,500,500,689500
1,500,500,689750
1,500,500,690000
1,500,500,690250
1,500,500,690500
1,500,500,690750
1,500,500,691000
1,500,500,691250
1,500,500,691500
1,500,500,691750
1,500,500,692000
1,500,500,692250
1,500,500,692500
1,500,500,692750
1,500,500,693000
1,500,500,693250
1,500,500,693500
1,500,500,693750
1,500,500,694000
1,500,500,694250
1,500,500,694500
1,500,500,694750
1,500,500,695000
1,500,500,695250
1,500,500,695500
1,500,500,695750
1,500,500,696000
1,500,500,696250
1,500,500,696500
1,500,500,696750
1,500,500,697000
1,500,500,697250
1,500,500,697500
1,500,500,697750
1,500,500,698000
1,500,500,698250
1,500,500,698500
1,500,500,698750
1,500,500,699000
1,500,500,699250
1,500,500,699500
1,500,500,699750
1,500,500,700000
1,500,500,700250
1,500,500,700500
1,500,500,700750
1,500,500,701000
1,500,500,701250
1,500,500,701500
1,500,500,701750
1,500,500,702000
1,500,500,702250
1,500,500,702500
1,500,500,702750
1,500,500,703000
1,500,500,703250
1,500,500,703500
1,500,500,703750
1,500,500,704000
1,500,500,704250
1,500,500,704500
1,500,500,704750
1,500,500,705000
1,500,500,705250
1,500,500,705500
1,500,500,705750
1,500,500,706000
1,500,500,706250
1,500,500,706500
1,500,500,706750
1,500,500,707000
1,500,500,707250
1,500,500,707500
1,500,500,707750
1,500,500,708000
1,500,500,708250
1,500,500,708500
1,500,500,708750
1,500,500,709000
1,500,500,709250
1,500,500,709500
1,500,500,709750
1,500,500,710000
1,500,500,710250
1,500,500,710500
1,500,500,710750
1,500,500,711000
1,500,500,711250
1,500,500,711500
1,500,500,711750
1,500,500,712000
1,500,500,712250
1,500,500,712500
1,500,500,712750
1,500,500,713000
1,500,500,713250
1,500,500,713500
1,500,500,713750
1,500,500,714000
1,500,500,714250
1,500,500,714500
1,500,500,714750
1,500,500,715000
1,500,500,715250
1,500,500,715500
1,500,500,715750
1,500,500,716000
1,500,500,716250
1,500,500,716500
1,500,500,716750
1,500,500,717000
1,500,500,717250
1,500,500,717500
1,500,500,717750
1,500,500,718000
1,500,500,718250
1,500,500,718500
1,500,500,718750
1,500,500,719000
1,500,500,719250
1,500,500,719500
1,500,500,719750
1,500,500,720000
1,500,500,720250
1,500,500,720500
1,500,500,720750
1,500,500,721000
1,500,500,721250
1,500,500,721500
1,500,500,721750
1,500,500,722000
1,500,500,722250
1,500,500,722500
1,500,500,722750
1,500,500,723000
1,500,500,723250
1,500,500,723500
1,500,500,723750
1,500,500,724000
1,500,500,724250
1,500,500,724500
1,500,500,724750
1,500,500,725000
1,500,500,725250
1,500,500,725500
1,500,500,725750
1,500,500,726000
1,500,500,726250
1,500,500,726500
1,15,490.3,726750
1,500,490.3,727000
1,500,490.3,727250
1,12,480.54,727500
1,17,470.88,727750
1,12,461.12,728000
1,13,451.38000000000005,728250
1,12,441.62,728500
1,12,431.86,728750
1,15,422.16,729000
1,500,422.16,729250
1,500,422.16,729500
1,500,422.16,729750
1,500,422.16,730000
1,500,422.16,730250
1,500,422.16,730500
1,500,422.16,730750
1,500,422.16,731000
1,500,422.16,731250
1,500,422.16,731500
1,500,422.16,731750
1,500,422.16,732000
1,500,422.16,732250
1,500,422.16,732500
1,500,422.16,732750
1,500,422.16,733000
1,500,422.16,733250
1,500,422.16,733500
1,500,422.16,733750
1,500,422.16,734000
1,500,422.16,734250
1,500,422.16,734500
1,500,422.16,734750
1,500,422.16,735000
1,500,422.16,735250
1,500,422.16,735500
1,500,422.16,735750
1,500,422.16,736000
1,500,422.16,736250
1,500,422.16,736500
1,500,422.16,736750
1,500,422.16,737000
1,500,422.16,737250
1,500,422.16,737500
1,500,422.16,737750
1,500,422.16,738000
1,500,422.16,738250
1,500,422.16,738500
1,500,422.16,738750
1,500,422.16,739000
1,500,431.86,739250
1,500,431.86,739500
1,500,431.86,739750
1,500,441.62,740000
1,500,451.28,740250
1,500,461.04,740500
1,500,470.78,740750
1,500,480.54,741000
1,500,490.3,741250
1,500,500,741500
1,500,500,741750
1,500,500,742000
1,500,500,742250
1,500,500,742500
1,500,500,742750
1,500,500,743000
1,500,500,743250
1,500,500,743500
1,500,500,743750
1,500,500,744000
1,500,500,744250
1,500,500,744500
1,500,500,744750
1,500,500,745000
1,500,500,745250
1,500,500,745500
1,500,500,745750
1,500,500,746000
1,500,500,746250
1,500,500,746500
1,500,500,746750
1,500,500,747000
1,500,500,747250
1,500,500,747500
1,500,500,747750
1,500,500,748000
1,500,500,748250
1,500,500,748500
1,500,500,748750
1,500,500,749000
1,500,500,749250
1,500,500,749500
1,500,500,749750
1,500,500,750000
1,500,500,750250
1,500,500,750500
1,500,500,750750
1,500,500,751000
1,500,500,751250
1,500,500,751500
1,500,500,751750
1,500,500,752000
1,500,500,752250
1,500,500,752500
1,500,500,752750
1,500,500,753000
1,500,500,753250
1,500,500,753500
1,500,500,753750
1,500,500,754000
1,500,500,754250
1,500,500,754500
1,482,499.64,754750
1,457,498.78,755000
1,421,497.2,755250
1,500,497.2,755500
1,478,496.7600000000001,755750
1,500,496.7600000000001,756000
1,500,496.7600000000001,756250
1,500,496.7600000000001,756500
1,500,496.7600000000001,756750
1,500,496.7600000000001,757000
1,500,496.7600000000001,757250
1,476,496.28,757500
1,383,493.94,757750
1,396,491.86,758000
1,406,489.98,758250
1,390,487.78,758500
1,500,487.78,758750
1,500,487.78,759000
1,500,487.78,759250
1,500,487.78,759500
1,500,487.78,759750
1,500,487.78,760000
1,500,487.78,760250
1,500,487.78,760500
1,500,487.78,760750
1,500,487.78,761000
1,500,487.78,761250
1,500,487.78,761500
1,500,487.78,761750
1,500,487.78,762000
1,500,487.78,762250
1,500,487.78,762500
1,500,487.78,762750
1,500,487.78,763000
1,500,487.78,763250
1,500,487.78,763500
1,500,487.78,763750
1,500,487.78,764000
1,500,487.78,764250
1,500,487.78,764500
1,500,487.78,764750
1,500,487.78,765000
1,500,487.78,765250
1,500,487.78,765500
1,500,487.78,765750
1,500,487.78,766000
1,500,487.78,766250
1,500,487.78,766500
1,500,487.78,766750
1,500,487.78,767000
1,500,488.14,767250
1,500,489,767500
1,500,490.58,767750
1,500,490.58,768000
1,500,491.02,768250
1,500,491.02,768500
1,500,491.02,768750
1,500,491.02,769000
1,500,491.02,769250
1,500,491.02,769500
1,500,491.02,769750
1,500,491.5,770000
1,500,493.84,770250
1,500,495.92,770500
1,500,497.8,770750
1,500,500,771000
1,500,500,771250
1,500,500,771500
1,500,500,771750
1,500,500,772000
1,500,500,772250
1,500,500,772500
1,500,500,772750
1,500,500,773000
1,500,500,773250
1,500,500,773500
1,500,500,773750
1,500,500,774000
1,500,500,774250
1,500,500,774500
1,500,500,774750
1,500,500,775000
1,500,500,775250
1,500,500,775500
1,500,500,775750
1,500,500,776000
1,500,500,776250
1,500,500,776500
1,500,500,776750
1,500,500,777000
1,500,500,777250
1,500,500,777500
1,500,500,777750
1,500,500,778000
1,500,500,778250
1,500,500,778500
1,500,500,778750
1,500,500,779000
1,500,500,779250
1,500,500,779500
1,500,500,779750
1,500,500,780000
1,500,500,780250
1,500,500,780500
1,500,500,780750
1,500,500,781000
1,500,500,781250
1,500,500,781500
1,500,500,781750
1,500,500,782000
1,500,500,782250
1,500,500,782500
1,500,500,782750
1,500,500,783000
1,500,500,783250
1,500,500,783500
1,500,500,783750
1,500,500,784000
1,500,500,784250
1,500,500,784500
1,500,500,784750
1,500,500,785000
1,392,497.84,785250
1,369,495.22,785500
1,436,493.94000000000005,785750
1,500,493.94000000000005,786000
1,500,493.94000000000005,786250
1,500,493.94000000000005,786500
1,500,493.94000000000005,786750
1,500,493.94000000000005,787000
1,500,493.94000000000005,787250
1,500,493.94000000000005,787500
1,500,493.94000000000005,787750
1,500,493.94000000000005,788000
1,500,493.94000000000005,788250
1,500,493.94000000000005,788500
1,500,493.94000000000005,788750
1,500,493.94000000000005,789000
1,500,493.94000000000005,789250
1,500,493.94000000000005,789500
1,500,493.94000000000005,789750
1,500,493.94000000000005,790000
1,500,493.94000000000005,790250
1,500,493.94000000000005,790500
1,500,493.94000000000005,790750
1,500,493.94000000000005,791000
1,500,493.94000000000005,791250
1,500,493.94000000000005,791500
1,500,493.94000000000005,791750
1,500,493.94000000000005,792000
1,500,493.94000000000005,792250
1,500,493.94000000000005,792500
1,500,493.94000000000005,792750
1,500,493.94000000000005,793000
1,500,493.94000000000005,793250
1,500,493.94000000000005,793500
1,500,493.94000000000005,793750
1,500,493.94000000000005,794000
1,500,493.94000000000005,794250
1,500,493.94000000000005,794500
1,500,493.94000000000005,794750
1,500,493.94000000000005,795000
1,500,493.94000000000005,795250
1,500,493.94000000000005,795500
1,500,493.94000000000005,795750
1,500,493.94000000000005,796000
1,500,493.94000000000005,796250
1,500,493.94000000000005,796500
1,500,493.94000000000005,796750
1,500,493.94000000000005,797000
1,500,493.94000000000005,797250
1,500,493.94000000000005,797500
1,500,496.1,797750
1,500,498.72,798000
1,500,500,798250
1,500,500,798500
1,500,500,798750
1,500,500,799000
1,500,500,799250
1,500,500,799500
1,500,500,799750
1,500,500,800000
1,500,500,800250
1,500,500,800500
1,500,500,800750
1,500,500,801000
1,500,500,801250
1,500,500,801500
1,500,500,801750
1,500,500,802000
1,500,500,802250
1,500,500,802500
1,500,500,802750
1,500,500,803000
1,500,500,803250
1,500,500,803500
1,500,500,803750
1,500,500,804000
1,500,500,804250
1,500,500,804500
1,500,500,804750
1,500,500,805000
1,500,500,805250
1,500,500,805500
1,500,500,805750
1,500,500,806000
1,500,500,806250
1,500,500,806500
1,500,500,806750
1,500,500,807000
1,500,500,807250
1,500,500,807500
1,500,500,807750
1,500,500,808000
1,500,500,808250
1,500,500,808500
1,500,500,808750
1,500,500,809000
1,500,500,809250
1,500,500,809500
1,500,500,809750
1,500,500,810000
1,500,500,810250
1,500,500,810500
1,500,500,810750
1,500,500,811000
1,500,500,811250
1,500,500,811500
1,500,500,811750
1,500,500,812000
1,500,500,812250
1,500,500,812500
1,500,500,812750
1,500,500,813000
1,500,500,813250
1,500,500,813500
1,500,500,813750
1,500,500,814000
1,500,500,814250
1,500,500,814500
1,500,500,814750
1,500,500,815000
1,500,500,815250
1,500,500,815500
1,500,500,815750
1,500,500,816000
1,500,500,816250
1,500,500,816500
1,500,500,816750
1,500,500,817000
1,500,500,817250
1,500,500,817500
1,500,500,817750
1,14,490.28,818000
1,500,490.28,818250
1,500,490.28,818500
1,500,490.28,818750
1,500,490.28,819000
1,500,490.28,819250
1,500,490.28,819500
1,500,490.28,819750
1,500,490.28,820000
1,500,490.28,820250
1,500,490.28,820500
1,500,490.28,820750
1,500,490.28,821000
1,500,490.28,821250
1,500,490.28,821500
1,500,490.28,821750
1,500,490.28,822000
1,500,490.28,822250
1,500,490.28,822500
1,500,490.28,822750
1,500,490.28,823000
1,500,490.28,823250
1,500,490.28,823500
1,500,490.28,823750
1,500,490.28,824000
1,500,490.28,824250
1,500,490.28,824500
1,500,490.28,824750
1,500,490.28,825000
1,500,490.28,825250
1,500,490.28,825500
1,500,490.28,825750
1,500,490.28,826000
1,500,490.28,826250
1,500,490.28,826500
1,500,490.28,826750
1,500,490.28,827000
1,500,490.28,827250
1,500,490.28,827500
1,500,490.28,827750
1,500,490.28,828000
1,500,490.28,828250
1,500,490.28,828500
1,500,490.28,828750
1,500,490.28,829000
1,500,490.28,829250
1,500,490.28,829500
1,500,490.28,829750
1,500,490.28,830000
1,500,490.28,830250
1,500,500,830500
1,500,500,830750
1,500,500,831000
1,500,500,831250
1,500,500,831500
1,500,500,831750
1,500,500,832000
1,500,500,832250
1,500,500,832500
1,500,500,832750
1,500,500,833000
1,500,500,833250
1,500,500,833500
1,500,500,833750
1,500,500,834000
1,500,500,834250
1,500,500,834500
1,500,500,834750
1,500,500,835000
1,500,500,835250
1,500,500,835500
1,500,500,835750
1,500,500,836000
1,500,500,836250
1,500,500,836500
1,500,500,836750
1,500,500,837000
1,500,500,837250
1,500,500,837500
1,500,500,837750
1,500,500,838000
1,500,500,838250
1,500,500,838500
1,500,500,838750
1,500,500,839000
1,500,500,839250
1,500,500,839500
1,500,500,839750
1,500,500,840000
1,500,500,840250
1,500,500,840500
1,500,500,840750
1,500,500,841000
1,500,500,841250
1,500,500,841500
1,500,500,841750
1,500,500,842000
1,500,500,842250
1,500,500,842500
1,500,500,842750
1,500,500,843000
1,500,500,843250
1,500,500,843500
1,500,500,843750
1,500,500,844000
1,500,500,844250
1,500,500,844500
1,500,500,844750
1,500,500,845000
1,500,500,845250
1,500,500,845500
1,500,500,845750
1,500,500,846000
1,500,500,846250
1,500,500,846500
1,500,500,846750
1,500,500,847000
1,500,500,847250
1,500,500,847500
1,500,500,847750
1,500,500,848000
1,500,500,848250
1,500,500,848500
1,500,500,848750
1,500,500,849000
1,500,500,849250
1,500,500,849500
1,500,500,849750
1,500,500,850000
1,500,500,850250
1,500,500,850500
1,500,500,850750
1,500,500,851000
1,500,500,851250
1,500,500,851500
1,500,500,851750
1,500,500,852000
1,500,500,852250
1,500,500,852500
1,500,500,852750
1,500,500,853000
1,500,500,853250
1,500,500,853500
1,500,500,853750
1,500,500,854000
1,500,500,854250
1,500,500,854500
1,500,500,854750
1,500,500,855000
1,500,500,855250
1,500,500,855500
1,500,500,855750
1,500,500,856000
1,500,500,856250
1,500,500,856500
1,500,500,856750
1,500,500,857000
1,500,500,857250
1,500,500,857500
1,500,500,857750
1,500,500,858000
1,500,500,858250
1,500,500,858500
1,500,500,858750
1,500,500,859000
1,500,500,859250
1,500,500,859500
1,500,500,859750
1,500,500,860000
1,500,500,860250
1,500,500,860500
1,500,500,860750
1,500,500,861000
1,500,500,861250
1,15,490.3,861500
1,500,490.3,861750
1,500,490.3,862000
1,23,480.7600000000001,862250
1,500,480.7600000000001,862500
1,500,480.7600000000001,862750
1,500,480.7600000000001,863000
1,500,480.7600000000001,863250
1,500,480.7600000000001,863500
1,500,480.7600000000001,863750
1,500,480.7600000000001,864000
1,500,480.7600000000001,864250
1,500,480.7600000000001,864500
1,500,480.7600000000001,864750
1,500,480.7600000000001,865000
1,500,480.7600000000001,865250
1,500,480.7600000000001,865500
1,500,480.7600000000001,865750
1,500,480.7600000000001,866000
1,500,480.7600000000001,866250
1,500,480.7600000000001,866500
1,500,480.7600000000001,866750
1,500,480.7600000000001,867000
1,500,480.7600000000001,867250
1,500,480.7600000000001,867500
1,500,480.7600000000001,867750
1,500,480.7600000000001,868000
1,500,480.7600000000001,868250
1,500,480.7600000000001,868500
1,500,480.7600000000001,868750
1,500,480.7600000000001,869000
1,500,480.7600000000001,869250
1,500,480.7600000000001,869500
1,53,471.82,869750
1,500,471.82,870000
1,500,471.82,870250
1,500,471.82,870500
1,500,471.82,870750
1,500,471.82,871000
1,500,471.82,871250
1,500,471.82,871500
1,500,471.82,871750
1,500,471.82,872000
1,500,471.82,872250
1,500,471.82,872500
1,500,471.82,872750
1,500,471.82,873000
1,500,471.82,873250
1,500,471.82,873500
1,500,471.82,873750
1,500,481.52,874000
1,500,481.52,874250
1,500,481.52,874500
1,500,491.06,874750
1,500,491.06,875000
1,500,491.06,875250
1,500,491.06,875500
1,500,491.06,875750
1,500,491.06,876000
1,500,491.06,876250
1,500,491.06,876500
1,500,491.06,876750
1,500,491.06,877000
1,500,491.06,877250
1,397,489,877500
1,500,489,877750
1,500,489,878000
1,500,489,878250
1,500,489,878500
1,500,489,878750
1,500,489,879000
1,500,489,879250
1,500,489,879500
1,500,489,879750
1,500,489,880000
1,500,489,880250
1,500,489,880500
1,500,489,880750
1,500,489,881000
1,500,489,881250
1,500,489,881500
1,500,489,881750
1,500,489,882000
1,500,497.94000000000005,882250
1,500,497.94000000000005,882500
1,500,497.94000000000005,882750
1,500,497.94000000000005,883000
1,500,497.94000000000005,883250
1,500,497.94000000000005,883500
1,500,497.94000000000005,883750
1,500,497.94000000000005,884000
1,500,497.94000000000005,884250
1,500,497.94000000000005,884500
1,500,497.94000000000005,884750
1,500,497.94000000000005,885000
1,500,497.94000000000005,885250
1,500,497.94000000000005,885500
1,500,497.94000000000005,885750
1,500,497.94000000000005,886000
1,500,497.94000000000005,886250
1,500,497.94000000000005,886500
1,500,497.94000000000005,886750
1,500,497.94000000000005,887000
1,500,497.94000000000005,887250
1,500,497.94000000000005,887500
1,500,497.94000000000005,887750
1,500,497.94000000000005,888000
1,500,497.94000000000005,888250
1,500,497.94000000000005,888500
1,500,497.94000000000005,888750
1,500,497.94000000000005,889000
1,500,497.94000000000005,889250
1,500,497.94000000000005,889500
1,500,497.94000000000005,889750
1,500,500,890000
1,500,500,890250
1,500,500,890500
1,500,500,890750
1,500,500,891000
1,500,500,891250
1,500,500,891500
1,500,500,891750
1,500,500,892000
1,500,500,892250
1,500,500,892500
1,500,500,892750
1,500,500,893000
1,500,500,893250
1,500,500,893500
1,500,500,893750
1,500,500,894000
1,500,500,894250
1,500,500,894500
1,15,490.3,894750
1,500,490.3,895000
1,500,490.3,895250
1,500,490.3,895500
1,500,490.3,895750
1,500,490.3,896000
1,500,490.3,896250
1,500,490.3,896500
1,15,480.6,896750
1,500,480.6,897000
1,500,480.6,897250
1,24,471.0799999999999,897500
1,500,471.0799999999999,897750
1,500,471.0799999999999,898000
1,500,471.0799999999999,898250
1,500,471.0799999999999,898500
1,500,471.0799999999999,898750
1,500,471.0799999999999,899000
1,23,461.54,899250
1,500,461.54,899500
1,500,461.54,899750
1,500,461.54,900000
1,500,461.54,900250
1,500,461.54,900500
1,500,461.54,900750
1,500,461.54,901000
1,500,461.54,901250
1,500,461.54,901500
1,500,461.54,901750
1,500,461.54,902000
1,500,461.54,902250
1,500,461.54,902500
1,500,461.54,902750
1,500,461.54,903000
1,500,461.54,903250
1,500,461.54,903500
1,500,461.54,903750
1,500,461.54,904000
1,500,461.54,904250
1,500,461.54,904500
1,500,461.54,904750
1,500,461.54,905000
1,500,461.54,905250
1,500,461.54,905500
1,500,461.54,905750
1,500,461.54,906000
1,500,461.54,906250
1,500,461.54,906500
1,500,461.54,906750
1,500,461.54,907000
1,500,471.24,907250
1,500,471.24,907500
1,500,471.24,907750
1,500,471.24,908000
1,500,471.24,908250
1,500,471.24,908500
1,500,471.24,908750
1,500,471.24,909000
1,500,480.94000000000005,909250
1,500,480.94000000000005,909500
1,500,480.94000000000005,909750
1,500,490.46,910000
1,500,490.46,910250
1,500,490.46,910500
1,500,490.46,910750
1,500,490.46,911000
1,500,490.46,911250
1,500,490.46,911500
1,500,500,911750
1,500,500,912000
1,500,500,912250
1,500,500,912500
1,500,500,912750
1,500,500,913000
1,500,500,913250
1,500,500,913500
1,500,500,913750
1,500,500,914000
1,500,500,914250
1,500,500,914500
1,500,500,914750
1,500,500,915000
1,500,500,915250
1,500,500,915500
1,500,500,915750
1,500,500,916000
1,500,500,916250
1,500,500,916500
1,500,500,916750
1,500,500,917000
1,500,500,917250
1,500,500,917500
1,500,500,917750
1,500,500,918000
1,500,500,918250
1,500,500,918500
1,500,500,918750
1,500,500,919000
1,500,500,919250
1,500,500,919500
1,500,500,919750
1,500,500,920000
1,500,500,920250
1,500,500,920500
1,500,500,920750
1,500,500,921000
1,500,500,921250
1,500,500,921500
1,500,500,921750
1,500,500,922000
1,500,500,922250
1,500,500,922500
1,500,500,922750
1,500,500,923000
1,500,500,923250
1,500,500,923500
1,500,500,923750
1,500,500,924000
1,500,500,924250
1,500,500,924500
1,500,500,924750
1,500,500,925000
1,500,500,925250
1,500,500,925500
1,500,500,925750
1,500,500,926000
1,500,500,926250
1,500,500,926500
1,500,500,926750
1,500,500,927000
1,500,500,927250
1,500,500,927500
1,500,500,927750
1,500,500,928000
1,500,500,928250
1,500,500,928500
1,500,500,928750
1,500,500,929000
1,500,500,929250
1,500,500,929500
1,500,500,929750
1,500,500,930000
1,500,500,930250
1,500,500,930500
1,500,500,930750
1,500,500,931000
1,500,500,931250
1,500,500,931500
1,500,500,931750
1,500,500,932000
1,500,500,932250
1,500,500,932500
1,500,500,932750
1,500,500,933000
1,500,500,933250
1,500,500,933500
1,500,500,933750
1,500,500,934000
1,500,500,934250
1,500,500,934500
1,500,500,934750
1,500,500,935000
1,500,500,935250
1,500,500,935500
1,500,500,935750
1,500,500,936000
1,500,500,936250
1,500,500,936500
1,500,500,936750
1,500,500,937000
1,500,500,937250
1,500,500,937500
1,500,500,937750
1,500,500,938000
1,500,500,938250
1,500,500,938500
1,500,500,938750
1,500,500,939000
1,500,500,939250
1,500,500,939500
1,500,500,939750
1,500,500,940000
1,500,500,940250
1,500,500,940500
1,500,500,940750
1,500,500,941000
1,500,500,941250
1,500,500,941500
1,500,500,941750
1,500,500,942000
1,500,500,942250
1,500,500,942500
1,500,500,942750
1,500,500,943000
1,500,500,943250
1,500,500,943500
1,500,500,943750
1,500,500,944000
1,500,500,944250
1,500,500,944500
1,500,500,944750
1,500,500,945000
1,500,500,945250
1,500,500,945500
1,500,500,945750
1,500,500,946000
1,500,500,946250
1,500,500,946500
1,500,500,946750
1,500,500,947000
1,500,500,947250
1,500,500,947500
1,500,500,947750
1,500,500,948000
1,500,500,948250
1,500,500,948500
1,500,500,948750
1,500,500,949000
1,500,500,949250
1,500,500,949500
1,500,500,949750
1,500,500,950000
1,500,500,950250
1,500,500,950500
1,500,500,950750
1,500,500,951000
1,500,500,951250
1,500,500,951500
1,500,500,951750
1,500,500,952000
1,500,500,952250
1,500,500,952500
1,500,500,952750
1,500,500,953000
1,500,500,953250
1,500,500,953500
1,500,500,953750
1,500,500,954000
1,500,500,954250
1,500,500,954500
1,500,500,954750
1,500,500,955000
1,500,500,955250
1,500,500,955500
1,500,500,955750
1,500,500,956000
1,500,500,956250
1,500,500,956500
1,500,500,956750
1,500,500,957000
1,500,500,957250
1,500,500,957500
1,500,500,957750
1,500,500,958000
1,500,500,958250
1,500,500,958500
1,500,500,958750
1,500,500,959000
1,500,500,959250
1,500,500,959500
1,500,500,959750
1,500,500,960000
1,500,500,960250
1,500,500,960500
1,500,500,960750
1,500,500,961000
1,500,500,961250
1,500,500,961500
1,500,500,961750
1,500,500,962000
1,500,500,962250
1,500,500,962500
1,500,500,962750
1,500,500,963000
1,500,500,963250
1,500,500,963500
1,500,500,963750
,,,
,,,
,,,
,,,
,,,
,,,
,,,
,,,
,,,
,,,
,,,
,,,
,,,
,,,
,,,
,,,
,,,
,,,
,,,
,,,
,,,
,,,
,,,
,,,
,,,
,,,
,,,
,,,
,,,
,,,
,,,
,,,
,,,
,,,
,,,
,,,
,,,
,,,
,,,
,,,
,,,
,,,
,,,
,,,
,,,
,,,
,,,
,,,
,,,
,,,
,,,
,,,
,,,
,,,
,,,
,,,
,,,
,,,
,,,
,,,
,,,
,,,
,,,
,,,
,,,
,,,
,,,
,,,
,,,
,,,
,,,
,,,
,,,
,,,
,,,
,,,
,,,
,,,
,,,
,,,
,,,
,,,
,,,
,,,
,,,
,,,
,,,
,,,
,,,
,,,
,,,
,,,
,,,
,,,
,,,
,,,
,,,
,,,
,,,
,,,
,,,
,,,
,,,
,,,
,,,
,,,
,,,
,,,
,,,
,,,
,,,
,,,
,,,
,,,
,,,
,,,
,,,
,,,
,,,
,,,
,,,
,,,
,,,
,,,
,,,
,,,
,,,
,,,
,,,
,,,
,,,
,,,
,,,
,,,
,,,
,,,
,,,
,,,
,,,
,,,
,,,
,,,
,,,
,,,
,,,
,,,
,,,
,,,
,,,
,,,
,,,
,,,
,,,
,,,
,,,
,,,
,,,
,,,
,,,
,,,
,,,
,,,
,,,
,,,
,,,
,,,
,,,
,,,
,,,
,,,
,,,
,,,
,,,
,,,
,,,
,,,
,,,
,,,
,,,
,,,
,,,
,,,
,,,
,,,
,,,
,,,
,,,
,,,
,,,
,,,
,,,
,,,
,,,
,,,
,,,
,,,
,,,
,,,
,,,
,,,
,,,
,,,
,,,
,,,
,,,
,,,
,,,
,,,
,,,
,,,
,,,
,,,
,,,
,,,
,,,
,,,
,,,
,,,
,,,
,,,
,,,
,,,
,,,
,,,
,,,
,,,
,,,
,,,
,,,
,,,
,,,
,,,
,,,
,,,
,,,
,,,
,,,
,,,
,,,
,,,
,,,
,,,
,,,
,,,
,,,
,,,
,,,
,,,
,,,
,,,
,,,
,,,
,,,
,,,
,,,
,,,
,,,
,,,
,,,
,,,
,,,
,,,
,,,
,,,
,,,
,,,
,,,
,,,
,,,
,,,
,,,
,,,
,,,
,,,
,,,
,,,
,,,
,,,
,,,
,,,
,,,
,,,
,,,
,,,
,,,
,,,
,,,
,,,
,,,
,,,
,,,
,,,
,,,
,,,
,,,
,,,
,,,
,,,
,,,
,,,
,,,
,,,
,,,
,,,
,,,
,,,
,,,
,,,
,,,
,,,
,,,
,,,
,,,
,,,
,,,
,,,
,,,
,,,
,,,
,,,
,,,
,,,
,,,
,,,
,,,
,,,
,,,
,,,
,,,
,,,
,,,
,,,
,,,
,,,
,,,
,,,
,,,
,,,
,,,
,,,
,,,
,,,
,,,
,,,
,,,
,,,
,,,
,,,
,,,
,,,
,,,
,,,
,,,
,,,
,,,
,,,
,,,
,,,
,,,
,,,
,,,
,,,
,,,
,,,
,,,
,,,
,,,
,,,
,,,
,,,
,,,
,,,
,,,
,,,
,,,
,,,
,,,
,,,
,,,
,,,
,,,
,,,
,,,
,,,
,,,
,,,
,,,
,,,
,,,
,,,
,,,
,,,
,,,
,,,
,,,
,,,
,,,
,,,
,,,
,,,
,,,
,,,
,,,
,,,
,,,
,,,
,,,
,,,
,,,
,,,
,,,
,,,
,,,
,,,
,,,
,,,
,,,
,,,
,,,
,,,
,,,
,,,
,,,
,,,
,,,
,,,
,,,
,,,
,,,
,,,
,,,
,,,
,,,
,,,
,,,
,,,
,,,
,,,
,,,
,,,
,,,
,,,
,,,
,,,
,,,
,,,
,,,
,,,
,,,
,,,
,,,
,,,
,,,
,,,
,,,
,,,
,,,
,,,
,,,
,,,
,,,
,,,
,,,
,,,
,,,
,,,
,,,
,,,
,,,
,,,
,,,
,,,
,,,
,,,
,,,
,,,
,,,
,,,
,,,
,,,
,,,
,,,
,,,
,,,
,,,
,,,
,,,
,,,
,,,
,,,
,,,
,,,
,,,
,,,
,,,
,,,
,,,
,,,
,,,
,,,
,,,
,,,
,,,
,,,
,,,
,,,
,,,
,,,
,,,
,,,
,,,
,,,
,,,
,,,
,,,
,,,
,,,
,,,
,,,
,,,
,,,
,,,
,,,
,,,
,,,
,,,
,,,
,,,
,,,
,,,
,,,
,,,
,,,
,,,
,,,
,,,
,,,
,,,
,,,
,,,
,,,
,,,
,,,
,,,
,,,
,,,
,,,
,,,
,,,
,,,
,,,
,,,
,,,
,,,
,,,
,,,
,,,
,,,
,,,
,,,
,,,
,,,
,,,
,,,
,,,
,,,
,,,
,,,
,,,
,,,
,,,
,,,
,,,
,,,
,,,
,,,
,,,
,,,
,,,
,,,
,,,
,,,
,,,
,,,
,,,
,,,
,,,
,,,
,,,
,,,
,,,
,,,
,,,
,,,
,,,
,,,
,,,
,,,
,,,
,,,
,,,
,,,
,,,
,,,
,,,
,,,
,,,
,,,
,,,
,,,
,,,
,,,
,,,
,,,
,,,
,,,
,,,
,,,
,,,
,,,
,,,
,,,
,,,
,,,
,,,
,,,
,,,
,,,
,,,
,,,
,,,
,,,
,,,
,,,
,,,
,,,
,,,
,,,
,,,
,,,
,,,
,,,
,,,
,,,
,,,
,,,
,,,
,,,
,,,
,,,
,,,
,,,
,,,
,,,
,,,
,,,
,,,
,,,
,,,
,,,
,,,
,,,
,,,
,,,
,,,
,,,
,,,
,,,
,,,
,,,
,,,
,,,
,,,
,,,
,,,
,,,
,,,
,,,
,,,
,,,
,,,
,,,
,,,
,,,
,,,
,,,
,,,
,,,
,,,
,,,
,,,
,,,
,,,
,,,
,,,
,,,
,,,
,,,
,,,
,,,
,,,
,,,
,,,
,,,
,,,
,,,
,,,
,,,
,,,
,,,
,,,
,,,
,,,
,,,
,,,
,,,
,,,
,,,
,,,
,,,
,,,
,,,
,,,
,,,
,,,
,,,
,,,
,,,
,,,
,,,
,,,
,,,
,,,
,,,
,,,
,,,
,,,
,,,
,,,
,,,
,,,
,,,
,,,
,,,
,,,
,,,
,,,
,,,
,,,
,,,
,,,
,,,
,,,
,,,
,,,
,,,
,,,
,,,
,,,
,,,
,,,
,,,
,,,
,,,
,,,
,,,
,,,
,,,
,,,
,,,
,,,
,,,
,,,
,,,
,,,
,,,
,,,
,,,
,,,
,,,
,,,
,,,
,,,
,,,
,,,
,,,
,,,
,,,
,,,
,,,
,,,
,,,
,,,
,,,
,,,
,,,
,,,
,,,
,,,
,,,
,,,
,,,
,,,
,,,
,,,
,,,
,,,
,,,
,,,
,,,
,,,
,,,
,,,
,,,
,,,
,,,
,,,
,,,
,,,
,,,
,,,
,,,
,,,
,,,
,,,
,,,
,,,
,,,
,,,
,,,
,,,
,,,
,,,
,,,
,,,
,,,
,,,
,,,
,,,
,,,
,,,
,,,
,,,
,,,
,,,
,,,
,,,
,,,
,,,
,,,
,,,
,,,
,,,
,,,
,,,
,,,
,,,
,,,
,,,
,,,
,,,
,,,
,,,
,,,
,,,
,,,
,,,
,,,
,,,
,,,
,,,
,,,
,,,
,,,
,,,
,,,
,,,
,,,
,,,
,,,
,,,
,,,
,,,
,,,
,,,
,,,
,,,
,,,
,,,
,,,
,,,
,,,
,,,
,,,
,,,
,,,
,,,
,,,
,,,
,,,
,,,
,,,
,,,
,,,
,,,
,,,
,,,
,,,
,,,
,,,
,,,
,,,
,,,
,,,
,,,
,,,
,,,
,,,
,,,
,,,
,,,
,,,
,,,
,,,
,,,
,,,
,,,
,,,
,,,
,,,
,,,
,,,
,,,
,,,
,,,
,,,
,,,
,,,
,,,
,,,
,,,
,,,
,,,
,,,
,,,
,,,
,,,
,,,
,,,
,,,
,,,
,,,
,,,
,,,
,,,
,,,
,,,
,,,
,,,
,,,
,,,
,,,
,,,
,,,
,,,
,,,
,,,
,,,
,,,
,,,
,,,
,,,
,,,
,,,
,,,
,,,
,,,
,,,
,,,
,,,
,,,
,,,
,,,
,,,
,,,
,,,
,,,
,,,
,,,
,,,
,,,
,,,
,,,
,,,
,,,
,,,
,,,
,,,
,,,
,,,
,,,
,,,
,,,
,,,
,,,
,,,
,,,
,,,
,,,
,,,
,,,
,,,
,,,
,,,
,,,
,,,
,,,
,,,
,,,
,,,
,,,
,,,
,,,
,,,
,,,
,,,
,,,
,,,
,,,
,,,
,,,
,,,
,,,
,,,
,,,
,,,
,,,
,,,
,,,
,,,
,,,
,,,
,,,
,,,
,,,
,,,
,,,
,,,
,,,
,,,
,,,
,,,
,,,
,,,
,,,
,,,
,,,
,,,
,,,
,,,
,,,
,,,
,,,
,,,
,,,
,,,
,,,
,,,
,,,
,,,
,,,
,,,
,,,
,,,
,,,
,,,
,,,
,,,
,,,
,,,
,,,
,,,
,,,
,,,
,,,
,,,
,,,
,,,
,,,
,,,
,,,
,,,
,,,
,,,
,,,
,,,
,,,
,,,
,,,
,,,
,,,
,,,
,,,
,,,
,,,
,,,
,,,
,,,
,,,
,,,
,,,
,,,
,,,
,,,
,,,
,,,
,,,
,,,
,,,
,,,
,,,
,,,
,,,
,,,
,,,
,,,
,,,
,,,
,,,
,,,
,,,
,,,
,,,
,,,
,,,
,,,
,,,
,,,
,,,
,,,
,,,
,,,
,,,
,,,
,,,
,,,
,,,
,,,
,,,
,,,
,,,
,,,
,,,
,,,
,,,
,,,
,,,
,,,
,,,
,,,
,,,
,,,
,,,
,,,
,,,
,,,
,,,
,,,
,,,
,,,
,,,
,,,
,,,
,,,
,,,
,,,
,,,
,,,
,,,
,,,
,,,
,,,
,,,
,,,
,,,
,,,
,,,
,,,
,,,
,,,
,,,
,,,
,,,
,,,
,,,
,,,
,,,
,,,
,,,
,,,
,,,
,,,
,,,
,,,
,,,
,,,
,,,
,,,
,,,
,,,
,,,
,,,
,,,
,,,
,,,
,,,
,,,
,,,
,,,
,,,
,,,
,,,
,,,
,,,
,,,
,,,
,,,
,,,
,,,
,,,
,,,
,,,
,,,
,,,
,,,
,,,
,,,
,,,
,,,
,,,
,,,
,,,
,,,
,,,
,,,
,,,
,,,
,,,
,,,
,,,
,,,
,,,
,,,
,,,
,,,
,,,
,,,
,,,
,,,
,,,
,,,
,,,
,,,
,,,
,,,
,,,
,,,
,,,
,,,
,,,
,,,
,,,
,,,
,,,
,,,
,,,
,,,
,,,
,,,
,,,
,,,
,,,
,,,
,,,
,,,
,,,
,,,
,,,
,,,
,,,
,,,
,,,
,,,
,,,
,,,
,,,
,,,
,,,
,,,
,,,
,,,
,,,
,,,
,,,
,,,
,,,
,,,
,,,
,,,
,,,
,,,
,,,
,,,
,,,
,,,
,,,
,,,
,,,
,,,
,,,
,,,
,,,
,,,
,,,
,,,
,,,
,,,
,,,
,,,
,,,
,,,
,,,
,,,
,,,
,,,
,,,
,,,
,,,
,,,
,,,
,,,
,,,
,,,
,,,
,,,
,,,
,,,
,,,
,,,
,,,
,,,
,,,
,,,
,,,
,,,
,,,
,,,
,,,
,,,
,,,
,,,
,,,
,,,
,,,
,,,
,,,
,,,
,,,
,,,
,,,
,,,
,,,
,,,
,,,
,,,
,,,
,,,
,,,
,,,
,,,
,,,
,,,
,,,
,,,
,,,
,,,
,,,
,,,
,,,
,,,
,,,
,,,
,,,
,,,
,,,
,,,
,,,
,,,
,,,
,,,
,,,
,,,
,,,
,,,
,,,
,,,
,,,
,,,
,,,
,,,
,,,
,,,
,,,
,,,
,,,
,,,
,,,
,,,
,,,
,,,
,,,
,,,
,,,
,,,
,,,
,,,
,,,
,,,
,,,
,,,
,,,
,,,
,,,
,,,
,,,
,,,
,,,
,,,
,,,
,,,
,,,
,,,
,,,
,,,
,,,
,,,
,,,
,,,
,,,
,,,
,,,
,,,
,,,
,,,
,,,
,,,
,,,
,,,
,,,
,,,
,,,
,,,
,,,
,,,
,,,
,,,
,,,
,,,
,,,
,,,
,,,
,,,
,,,
,,,
,,,
,,,
,,,
,,,
,,,
,,,
,,,
,,,
,,,
,,,
,,,
,,,
,,,
,,,
,,,
,,,
,,,
,,,
,,,
,,,
,,,
,,,
,,,
,,,
,,,
,,,
,,,
,,,
,,,
,,,
,,,
,,,
,,,
,,,
,,,
,,,
,,,
,,,
,,,
,,,
,,,
,,,
,,,
,,,
,,,
,,,
,,,
,,,
,,,
,,,
,,,
,,,
,,,
,,,
,,,
,,,
,,,
,,,
,,,
,,,
,,,
,,,
,,,
,,,
,,,
,,,
,,,
,,,
,,,
,,,
,,,
,,,
,,,
,,,
,,,
,,,
,,,
,,,
,,,
,,,
,,,
,,,
,,,
,,,
,,,
,,,
,,,
,,,
,,,
,,,
,,,
,,,
,,,
,,,
,,,
,,,
,,,
,,,
,,,
,,,
,,,
,,,
,,,
,,,
,,,
,,,
,,,
,,,
,,,
,,,
,,,
,,,
,,,
,,,
,,,
,,,
,,,
,,,
,,,
,,,
,,,
,,,
,,,
,,,
,,,
,,,
,,,
,,,
,,,
,,,
,,,
,,,
,,,
,,,
,,,
,,,
,,,
,,,
,,,
,,,
,,,
,,,
,,,
,,,
,,,
,,,
,,,
,,,
,,,
,,,
,,,
,,,
,,,
,,,
,,,
,,,
,,,
,,,
,,,
,,,
,,,
,,,
,,,
,,,
,,,
,,,
,,,
,,,
,,,
,,,
,,,
,,,
,,,
,,,
,,,
,,,
,,,
,,,
,,,
,,,
,,,
,,,
,,,
,,,
,,,
,,,
,,,
,,,
,,,
,,,
,,,
,,,
,,,
,,,
,,,
,,,
,,,
,,,
,,,
,,,
,,,
,,,
,,,
,,,
,,,
,,,
,,,
,,,
,,,
,,,
,,,
,,,
,,,
,,,
,,,
,,,
,,,
,,,
,,,
,,,
,,,
,,,
,,,
,,,
,,,
,,,
,,,
,,,
,,,
,,,
,,,
,,,
,,,
,,,
,,,
,,,
,,,
,,,
,,,
,,,
,,,
,,,
,,,
,,,
,,,
,,,
,,,
,,,
,,,
,,,
,,,
,,,
,,,
,,,
,,,
,,,
,,,
,,,
,,,
,,,
,,,
,,,
,,,
,,,
,,,
,,,
,,,
,,,
,,,
,,,
,,,
,,,
,,,
,,,
,,,
,,,
,,,
,,,
,,,
,,,
,,,
,,,
,,,
,,,
,,,
,,,
,,,
,,,
,,,
,,,
,,,
,,,
,,,
,,,
,,,
,,,
,,,
,,,
,,,
,,,
,,,
,,,
,,,
,,,
,,,
,,,
,,,
,,,
,,,
,,,
,,,
,,,
,,,
,,,
,,,
,,,
,,,
,,,
,,,
,,,
,,,
,,,
,,,
,,,
,,,
,,,
,,,
,,,
,,,
,,,
,,,
,,,
,,,
,,,
,,,
,,,
,,,
,,,
,,,
,,,
,,,
,,,
,,,
,,,
,,,
,,,
,,,
,,,
,,,
,,,
,,,
,,,
,,,
,,,
,,,
,,,
,,,
,,,
,,,
,,,
,,,
,,,
,,,
,,,
,,,
,,,
,,,
,,,
,,,
,,,
,,,
,,,
,,,
,,,
,,,
,,,
,,,
,,,
,,,
,,,
,,,
,,,
,,,
,,,
,,,
,,,
,,,
,,,
,,,
,,,
,,,
,,,
,,,
,,,
,,,
,,,
,,,
,,,
,,,
,,,
,,,
,,,
,,,
,,,
,,,
,,,
,,,
,,,
,,,
,,,
,,,
,,,
,,,
,,,
,,,
,,,
,,,
,,,
,,,
,,,
,,,
,,,
,,,
,,,
,,,
,,,
,,,
,,,
,,,
,,,
,,,
,,,
,,,
,,,
,,,
,,,
,,,
,,,
,,,
,,,
,,,
,,,
,,,
,,,
,,,
,,,
,,,
,,,
,,,
,,,
,,,
,,,
,,,
,,,
,,,
,,,
,,,
,,,
,,,
,,,
,,,
,,,
,,,
,,,
,,,
,,,
,,,
,,,
,,,
,,,
,,,
,,,
,,,
,,,
,,,
,,,
,,,
,,,
,,,
,,,
,,,
,,,
,,,
,,,
,,,
,,,
,,,
,,,
,,,
,,,
,,,
,,,
,,,
,,,
,,,
,,,
,,,
,,,
,,,
,,,
,,,
,,,
,,,
,,,
,,,
,,,
,,,
,,,
,,,
,,,
,,,
,,,
,,,
,,,
,,,
,,,
,,,
,,,
,,,
,,,
,,,
,,,
,,,
,,,
,,,
,,,
,,,
,,,
,,,
,,,
,,,
,,,
,,,
,,,
,,,
,,,
,,,
,,,
,,,
,,,
,,,
,,,
,,,
,,,
,,,
,,,
,,,
,,,
,,,
,,,
,,,
,,,
,,,
,,,
,,,
,,,
,,,
,,,
,,,
,,,
,,,
,,,
,,,
,,,
,,,
,,,
,,,
,,,
,,,
,,,
,,,
,,,
,,,
,,,
,,,
,,,
,,,
,,,
,,,
,,,
,,,
,,,
,,,
,,,
,,,
,,,
,,,
,,,
,,,
,,,
,,,
,,,
,,,
,,,
,,,
,,,
,,,
,,,
,,,
,,,
,,,
,,,
,,,
,,,
,,,
,,,
,,,
,,,
,,,
,,,
,,,
,,,
,,,
,,,
,,,
,,,
,,,
,,,
,,,
,,,
,,,
,,,
,,,
,,,
,,,
,,,
,,,
,,,
,,,
,,,
,,,
,,,
,,,
,,,
,,,
,,,
,,,
,,,
,,,
,,,
,,,
,,,
,,,
,,,
,,,
,,,
,,,
,,,
,,,
,,,
,,,
,,,
,,,
,,,
,,,
,,,
,,,
,,,
,,,
,,,
,,,
,,,
,,,
,,,
,,,
,,,
,,,
,,,
,,,
,,,
,,,
,,,
,,,
,,,
,,,
,,,
,,,
,,,
,,,
,,,
,,,
,,,
,,,
,,,
,,,
,,,
,,,
,,,
,,,
,,,
,,,
,,,
,,,
,,,
,,,
,,,
,,,
,,,
,,,
,,,
,,,
,,,
,,,
,,,
,,,
,,,
,,,
,,,
,,,
,,,
,,,
,,,
,,,
,,,
,,,
,,,
,,,
,,,
,,,
,,,
,,,
,,,
,,,
,,,
,,,
,,,
,,,
,,,
,,,
,,,
,,,
,,,
,,,
,,,
,,,
,,,
,,,
,,,
,,,
,,,
,,,
,,,
,,,
,,,
,,,
,,,
,,,
,,,
,,,
,,,
,,,
,,,
,,,
,,,
,,,
,,,
,,,
,,,
,,,
,,,
,,,
,,,
,,,
,,,
,,,
,,,
,,,
,,,
,,,
,,,
,,,
,,,
,,,
,,,
,,,
,,,
,,,
,,,
,,,
,,,
,,,
,,,
,,,
,,,
,,,
,,,
,,,
,,,
,,,
,,,
,,,
,,,
,,,
,,,
,,,
,,,
,,,
,,,
,,,
,,,
,,,
,,,
,,,
,,,
,,,
,,,
,,,
,,,
,,,
,,,
,,,
,,,
,,,
,,,
,,,
,,,
,,,
,,,
,,,
,,,
,,,
,,,
,,,
,,,
,,,
,,,
,,,
,,,
,,,
,,,
,,,
,,,
,,,
,,,
,,,
,,,
,,,
,,,
,,,
,,,
,,,
,,,
,,,
,,,
,,,
,,,
,,,
,,,
,,,
,,,
,,,
,,,
,,,
,,,
,,,
,,,
,,,
,,,
,,,
,,,
,,,
,,,
,,,
,,,
,,,
,,,
,,,
,,,
,,,
,,,
,,,
,,,
,,,
,,,
,,,
,,,
,,,
,,,
,,,
,,,
,,,
,,,
,,,
,,,
,,,
,,,
,,,
,,,
,,,
,,,
,,,
,,,
,,,
,,,
,,,
,,,
,,,
,,,
,,,
,,,
,,,
,,,
,,,
,,,
,,,
,,,
,,,
,,,
,,,
,,,
,,,
,,,
,,,
,,,
,,,
,,,
,,,
,,,
,,,
,,,
,,,
,,,
,,,
,,,
,,,
,,,
,,,
,,,
,,,
,,,
,,,
,,,
,,,
,,,
,,,
,,,
,,,
,,,
,,,
,,,
,,,
,,,
,,,
,,,
,,,
,,,
,,,
,,,
,,,
,,,
,,,
,,,
,,,
,,,
,,,
,,,
,,,
,,,
,,,
,,,
,,,
,,,
,,,
,,,
,,,
,,,
,,,
,,,
,,,
,,,
,,,
,,,
,,,
,,,
,,,
,,,
,,,
,,,
,,,
,,,
,,,
,,,
,,,
,,,
,,,
,,,
,,,
,,,
,,,
,,,
,,,
,,,
,,,
,,,
,,,
,,,
,,,
,,,
,,,
,,,
,,,
,,,
,,,
,,,
,,,
,,,
,,,
,,,
,,,
,,,
,,,
,,,
,,,
,,,
,,,
,,,
,,,
,,,
,,,
,,,
,,,
,,,
,,,
,,,
,,,
,,,
,,,
,,,
,,,
,,,
,,,
,,,
,,,
,,,
,,,
,,,
,,,
,,,
,,,
,,,
,,,
,,,
,,,
,,,
,,,
,,,
,,,
,,,
,,,
,,,
,,,
,,,
,,,
,,,
,,,
,,,
,,,
,,,
,,,
,,,
,,,
,,,
,,,
,,,
,,,
,,,
,,,
,,,
,,,
,,,
,,,
,,,
,,,
,,,
,,,
,,,
,,,
,,,
,,,
,,,
,,,
,,,
,,,
,,,
,,,
,,,
,,,
,,,
,,,
,,,
,,,
,,,
,,,
,,,
,,,
,,,
,,,
,,,
,,,
,,,
,,,
,,,
,,,
,,,
,,,
,,,
,,,
,,,
,,,
,,,
,,,
,,,
,,,
,,,
,,,
,,,
,,,
,,,
,,,
,,,
,,,
,,,
,,,
,,,
,,,
,,,
,,,
,,,
,,,
,,,
,,,
,,,
,,,
,,,
,,,
,,,
,,,
,,,
,,,
,,,
,,,
,,,
,,,
,,,
,,,
,,,
,,,
,,,
,,,
,,,
,,,
,,,
,,,
,,,
,,,
,,,
,,,
,,,
,,,
,,,
,,,
,,,
,,,
,,,
,,,
,,,
,,,
,,,
,,,
,,,
,,,
,,,
,,,
,,,
,,,
,,,
,,,
,,,
,,,
,,,
,,,
,,,
,,,
,,,
,,,
,,,
,,,
,,,
,,,
,,,
,,,
,,,
,,,
,,,
,,,
,,,
,,,
,,,
,,,
,,,
,,,
,,,
,,,
,,,
,,,
,,,
,,,
,,,
,,,
,,,
,,,
,,,
,,,
,,,
,,,
,,,
,,,
,,,
,,,
,,,
,,,
,,,
,,,
,,,
,,,
,,,
,,,
,,,
,,,
,,,
,,,
,,,
,,,
,,,
,,,
,,,
,,,
,,,
,,,
,,,
,,,
,,,
,,,
,,,
,,,
,,,
,,,
,,,
,,,
,,,
,,,
,,,
,,,
,,,
,,,
,,,
,,,
,,,
,,,
,,,
,,,
,,,
,,,
,,,
,,,
,,,
,,,
,,,
,,,
,,,
,,,
,,,
,,,
,,,
,,,
,,,
,,,
,,,
,,,
,,,
,,,
,,,
,,,
,,,
,,,
,,,
,,,
,,,
,,,
,,,
,,,
,,,
,,,
,,,
,,,
,,,
,,,
,,,
,,,
,,,
,,,
,,,
,,,
,,,
,,,
,,,
,,,
,,,
,,,
,,,
,,,
,,,
,,,
,,,
,,,
,,,
,,,
,,,
,,,
,,,
,,,
,,,
,,,
,,,
,,,
,,,
,,,
,,,
,,,
,,,
,,,
,,,
,,,
,,,
,,,
,,,
,,,
,,,
,,,
,,,
,,,
,,,
,,,
,,,
,,,
,,,
,,,
,,,
,,,
,,,
,,,
,,,
,,,
,,,
,,,
,,,
,,,
,,,
,,,
,,,
,,,
,,,
,,,
,,,
,,,
,,,
,,,
,,,
,,,
,,,
,,,
,,,
,,,
,,,
,,,
,,,
,,,
,,,
,,,
,,,
,,,
,,,
,,,
,,,
,,,
,,,
,,,
,,,
,,,
,,,
,,,
,,,
,,,
,,,
,,,
,,,
,,,
,,,
,,,
,,,
,,,
,,,
,,,
,,,
,,,
,,,
,,,
,,,
,,,
,,,
,,,
,,,
,,,
,,,
,,,
,,,
,,,
,,,
,,,
,,,
,,,
,,,
,,,
,,,
,,,
,,,
,,,
,,,
,,,
,,,
,,,
,,,
,,,
,,,
,,,
,,,
,,,
,,,
,,,
,,,
,,,
,,,
,,,
,,,
,,,
,,,
,,,
,,,
,,,
,,,
,,,
,,,
,,,
,,,
,,,
,,,
,,,
,,,
,,,
,,,
,,,
,,,
,,,
,,,
,,,
,,,
,,,
,,,
,,,
,,,
,,,
,,,
,,,
,,,
,,,
,,,
,,,
,,,
,,,
,,,
,,,
,,,
,,,
,,,
,,,
,,,
,,,
,,,
,,,
,,,
,,,
,,,
,,,
,,,
,,,
,,,
,,,
,,,
,,,
,,,
,,,
,,,
,,,
,,,
,,,
,,,
,,,
,,,
,,,
,,,
,,,
,,,
,,,
,,,
,,,
,,,
,,,
,,,
,,,
,,,
,,,
,,,
,,,
,,,
,,,
,,,
,,,
,,,
,,,
,,,
,,,
,,,
,,,
,,,
,,,
,,,
,,,
,,,
,,,
,,,
,,,
,,,
,,,
,,,
,,,
,,,
,,,
,,,
,,,
,,,
,,,
,,,
,,,
,,,
,,,
,,,
,,,
,,,
,,,
,,,
,,,
,,,
,,,
,,,
,,,
,,,
,,,
,,,
,,,
,,,
,,,
,,,
,,,
,,,
,,,
,,,
,,,
,,,
,,,
,,,
,,,
,,,
,,,
,,,
,,,
,,,
,,,
,,,
,,,
,,,
,,,
,,,
,,,
,,,
,,,
,,,
,,,
,,,
,,,
,,,
,,,
,,,
,,,
,,,
,,,
,,,
,,,
,,,
,,,
,,,
,,,
,,,
,,,
,,,
,,,
,,,
,,,
,,,
,,,
,,,
,,,
,,,
,,,
,,,
,,,
,,,
,,,
,,,
,,,
,,,
,,,
,,,
,,,
,,,
,,,
,,,
,,,
,,,
,,,
,,,
,,,
,,,
,,,
,,,
,,,
,,,
,,,
,,,
,,,
,,,
,,,
,,,
,,,
,,,
,,,
,,,
,,,
,,,
,,,
,,,
,,,
,,,
,,,
,,,
,,,
,,,
,,,
,,,
,,,
,,,
,,,
,,,
,,,
,,,
,,,
,,,
,,,
,,,
,,,
,,,
,,,
,,,
,,,
,,,
,,,
,,,
,,,
,,,
,,,
,,,
,,,
,,,
,,,
,,,
,,,
,,,
,,,
,,,
,,,
,,,
,,,
,,,
,,,
,,,
,,,
,,,
,,,
,,,
,,,
,,,
,,,
,,,
,,,
,,,
,,,
,,,
,,,
,,,
,,,
,,,
,,,
,,,
,,,
,,,
,,,
,,,
,,,
,,,
,,,
,,,
,,,
,,,
,,,
,,,
,,,
,,,
,,,
,,,
,,,
,,,
,,,
,,,
,,,
,,,
,,,
,,,
,,,
,,,
,,,
,,,
,,,
,,,
,,,
,,,
,,,
,,,
,,,
,,,
,,,
,,,
,,,
,,,
,,,
,,,
,,,
,,,
,,,
,,,
,,,
,,,
,,,
,,,
,,,
,,,
,,,
,,,
,,,
,,,
,,,
,,,
,,,
,,,
,,,
,,,
,,,
,,,
,,,
,,,
,,,
,,,
,,,
,,,
,,,
,,,
,,,
,,,
,,,
,,,
,,,
,,,
,,,
,,,
,,,
,,,
,,,
,,,
,,,
,,,
,,,
,,,
,,,
,,,
,,,
,,,
,,,
,,,
,,,
,,,
,,,
,,,
,,,
,,,
,,,
,,,
,,,
,,,
,,,
,,,
,,,
,,,
,,,
,,,
,,,
,,,
,,,
,,,
,,,
,,,
,,,
,,,
,,,
,,,
,,,
,,,
,,,
,,,
,,,
,,,
,,,
,,,
,,,
,,,
,,,
,,,
,,,
,,,
,,,
,,,
,,,
,,,
,,,
,,,
,,,
,,,
,,,
,,,
,,,
,,,
,,,
,,,
,,,
,,,
,,,
,,,
,,,
,,,
,,,
,,,
,,,
,,,
,,,
,,,
,,,
,,,
,,,
,,,
,,,
,,,
,,,
,,,
,,,
,,,
,,,
,,,
,,,
,,,
,,,
,,,
,,,
,,,
,,,
,,,
,,,
,,,
,,,
,,,
,,,
,,,
,,,
,,,
,,,
,,,
,,,
,,,
,,,
,,,
,,,
,,,
,,,
,,,
,,,
,,,
,,,
,,,
,,,
,,,
,,,
,,,
,,,
,,,
,,,
,,,
,,,
,,,
,,,
,,,
,,,
,,,
,,,
,,,
,,,
,,,
,,,
,,,
,,,
,,,
,,,
,,,
,,,
,,,
,,,
,,,
,,,
,,,
,,,
,,,
,,,
,,,
,,,
,,,
,,,
,,,
,,,
,,,
,,,
,,,
,,,
,,,
,,,
,,,
,,,
,,,
,,,
,,,
,,,
,,,
,,,
,,,
,,,
,,,
,,,
,,,
,,,
,,,
,,,
,,,
,,,
,,,
,,,
,,,
,,,
,,,
,,,
,,,
,,,
,,,
,,,
,,,
,,,
,,,
,,,
,,,
,,,
,,,
,,,
,,,
,,,
,,,
,,,
,,,
,,,
,,,
,,,
,,,
,,,
,,,
,,,
,,,
,,,
,,,
,,,
,,,
,,,
,,,
,,,
,,,
,,,
,,,
,,,
,,,
,,,
,,,
,,,
,,,
,,,
,,,
,,,
,,,
,,,
,,,
,,,
,,,
,,,
,,,
,,,
,,,
,,,
,,,
,,,
,,,
,,,
,,,
,,,
,,,
,,,
,,,
,,,
,,,
,,,
,,,
,,,
,,,
,,,
,,,
,,,
,,,
,,,
,,,
,,,
,,,
,,,
,,,
,,,
,,,
,,,
,,,
,,,
,,,
,,,
,,,
,,,
,,,
,,,
,,,
,,,
,,,
,,,
,,,
,,,
,,,
,,,
,,,
,,,
,,,
,,,
,,,
,,,
,,,
,,,
,,,
,,,
,,,
,,,
,,,
,,,
,,,
,,,
,,,
,,,
,,,
,,,
,,,
,,,
,,,
,,,
,,,
,,,
,,,
,,,
,,,
,,,
,,,
,,,
,,,
,,,
,,,
,,,
,,,
,,,
,,,
,,,
,,,
,,,
,,,
,,,
,,,
,,,
,,,
,,,
,,,
,,,
,,,
,,,
,,,
,,,
,,,
,,,
,,,
,,,
,,,
,,,
,,,
,,,
,,,
,,,
,,,
,,,
,,,
,,,
,,,
,,,
,,,
,,,
,,,
,,,
,,,
,,,
,,,
,,,
,,,
,,,
,,,
,,,
,,,
,,,
,,,
,,,
,,,
,,,
,,,
,,,
,,,
,,,
,,,
,,,
,,,
,,,
,,,
,,,
,,,
,,,
,,,
,,,
,,,
,,,
,,,
,,,
,,,
,,,
,,,
,,,
,,,
,,,
,,,
,,,
,,,
,,,
,,,
,,,
,,,
,,,
,,,
,,,
,,,
,,,
,,,
,,,
,,,
,,,
,,,
,,,
,,,
,,,
,,,
,,,
,,,
,,,
,,,
,,,
,,,
,,,
,,,
,,,
,,,
,,,
,,,
,,,
,,,
,,,
,,,
,,,
,,,
,,,
,,,
,,,
,,,
,,,
,,,
,,,
,,,
,,,
,,,
,,,
,,,
,,,
,,,
,,,
,,,
,,,
,,,
,,,
,,,
,,,
,,,
,,,
,,,
,,,
,,,
,,,
,,,
,,,
,,,
,,,
,,,
,,,
,,,
,,,
,,,
,,,
,,,
,,,
,,,
,,,
,,,
,,,
,,,
,,,
,,,
,,,
,,,
,,,
,,,
,,,
,,,
,,,
,,,
,,,
,,,
,,,
,,,
,,,
,,,
,,,
,,,
,,,
,,,
,,,
,,,
,,,
,,,
,,,
,,,
,,,
,,,
,,,
,,,
,,,
,,,
